locus_tag	cluster_id	cluster_size	gene_length
SAV_RS00150	1	2000	1359
SAV_RS00155	1	2000	1131
SAV_RS00160	1	2000	243
SAV_RS00165	1	2000	1110
SAV_RS00170	1	2000	1932
SAV_RS00175	1	2000	2667
SAV_RS00180	1	2000	810
SAV_RS00185	1	2000	1512
SAV_RS00190	1	2000	1284
SAV_RS00195	1	2000	693
SAV_RS00200	1	2000	327
SAV_RS00205	1	2000	966
SAV_RS00210	1	2000	936
SAV_RS00215	1	2000	1965
SAV_RS00220	1	2000	444
SAV_RS00225	1	2000	1398
SAV_RS00230	1	2000	1281
SAV_RS00245	1	2000	699
SAV_RS00250	1	2000	1824
SAV_RS00255	1	2000	1332
SAV_RS00260	1	2000	786
SAV_RS00265	1	2000	798
SAV_RS00270	1	2000	2316
SAV_RS00275	2	148	477
SAV_RS00280	2	148	1254
SAV_RS00285	2	148	237
SAV_RS00290	2	148	672
SAV_RS00300	2	148	981
SAV_RS00305	2	148	1260
SAV_RS00310	2	148	402
SAV_RS00315	2	148	759
SAV_RS00320	2	148	672
SAV_RS14880	2	148	387
SAV_RS00330	2	148	741
SAV_RS00335	2	148	426
SAV_RS00340	2	148	2007
SAV_RS00345	2	148	1755
SAV_RS00350	2	148	369
SAV_RS15545	2	148	66
SAV_RS00355	2	148	1128
SAV_RS00365	2	148	1332
SAV_RS00370	2	148	1062
SAV_RS00375	2	148	258
SAV_RS00380	2	148	636
SAV_RS16025	2	148	57
SAV_RS00385	2	148	660
SAV_RS16030	2	148	57
SAV_RS00390	2	148	729
SAV_RS00395	2	148	780
SAV_RS00400	2	148	375
SAV_RS00405	2	148	1890
SAV_RS00410	2	148	1083
SAV_RS00415	2	148	315
SAV_RS00420	2	148	504
SAV_RS00425	2	148	309
SAV_RS00430	2	148	348
SAV_RS00435	3	28	1626
SAV_RS00440	3	28	1347
SAV_RS00445	3	28	1791
SAV_RS00450	3	28	294
SAV_RS00455	3	28	1044
SAV_RS14910	3	28	933
SAV_RS00470	3	28	693
SAV_RS00475	3	28	2652
SAV_RS00480	3	28	78
SAV_RS00485	1	2000	1674
SAV_RS00490	1	2000	2019
SAV_RS00495	1	2000	555
SAV_RS00500	1	2000	867
SAV_RS00505	1	2000	894
SAV_RS00510	1	2000	624
SAV_RS00520	2	148	1506
SAV_RS00525	2	148	132
SAV_RS00530	2	148	90
SAV_RS00535	2	148	1743
SAV_RS00540	2	148	753
SAV_RS00545	2	148	258
SAV_RS00550	2	148	1062
SAV_RS00555	2	148	1332
SAV_RS00560	2	148	1191
SAV_RS00565	2	148	984
SAV_RS00570	2	148	201
SAV_RS00575	2	148	294
SAV_RS15995	2	148	600
SAV_RS00585	2	148	3150
SAV_RS00590	2	148	480
SAV_RS00595	2	148	984
SAV_RS00600	2	148	768
SAV_RS00605	2	148	768
SAV_RS00610	2	148	768
SAV_RS00615	2	148	768
SAV_RS00620	2	148	768
SAV_RS00625	1	2000	2235
SAV_RS00630	1	2000	1176
SAV_RS00635	1	2000	1386
SAV_RS00640	1	2000	1659
SAV_RS00645	1	2000	1773
SAV_RS00650	1	2000	870
SAV_RS00655	1	2000	1377
SAV_RS00660	1	2000	471
SAV_RS00665	1	2000	1590
SAV_RS00670	1	2000	1350
SAV_RS00675	1	2000	750
SAV_RS00680	1	2000	996
SAV_RS00685	1	2000	993
SAV_RS00690	1	2000	990
SAV_RS00695	1	2000	978
SAV_RS00700	1	2000	1008
SAV_RS00705	1	2000	1752
SAV_RS00710	1	2000	1254
SAV_RS00715	1	2000	1734
SAV_RS00720	1	2000	1848
SAV_RS00725	1	2000	774
SAV_RS00730	1	2000	1200
SAV_RS00735	1	2000	762
SAV_RS00740	1	2000	624
SAV_RS00745	1	2000	774
SAV_RS00750	1	2000	120
SAV_RS00755	1	2000	978
SAV_RS00765	1	2000	690
SAV_RS00770	1	2000	1164
SAV_RS00775	1	2000	1236
SAV_RS00780	1	2000	1428
SAV_RS00785	1	2000	597
SAV_RS00790	1	2000	135
SAV_RS00795	1	2000	753
SAV_RS00800	1	2000	705
SAV_RS00805	1	2000	1350
SAV_RS00810	1	2000	660
SAV_RS15830	1	2000	1176
SAV_RS00815	1	2000	813
SAV_RS00825	1	2000	798
SAV_RS00830	1	2000	771
SAV_RS00835	1	2000	954
SAV_RS00840	1	2000	1542
SAV_RS00845	1	2000	1533
SAV_RS00850	1	2000	765
SAV_RS00855	1	2000	1173
SAV_RS00860	1	2000	2607
SAV_RS00865	1	2000	666
SAV_RS00870	1	2000	684
SAV_RS00875	1	2000	762
SAV_RS00880	1	2000	1821
SAV_RS00885	1	2000	1026
SAV_RS00890	1	2000	1107
SAV_RS00895	1	2000	1122
SAV_RS00900	1	2000	624
SAV_RS00905	1	2000	1107
SAV_RS00910	1	2000	1164
SAV_RS00915	1	2000	1203
SAV_RS00920	1	2000	1203
SAV_RS00925	1	2000	555
SAV_RS00930	1	2000	885
SAV_RS00935	1	2000	1260
SAV_RS00940	1	2000	1143
SAV_RS00945	1	2000	324
SAV_RS00950	1	2000	381
SAV_RS00955	1	2000	1485
SAV_RS00960	1	2000	957
SAV_RS00965	1	2000	201
SAV_RS00970	1	2000	510
SAV_RS00975	1	2000	738
SAV_RS00980	1	2000	969
SAV_RS00985	1	2000	759
SAV_RS00995	1	2000	1029
SAV_RS01000	1	2000	357
SAV_RS01005	1	2000	1023
SAV_RS01010	1	2000	1248
SAV_RS01015	1	2000	7173
SAV_RS01020	1	2000	642
SAV_RS01025	1	2000	477
SAV_RS01030	1	2000	762
SAV_RS01035	1	2000	1239
SAV_RS01040	1	2000	1029
SAV_RS01045	1	2000	1182
SAV_RS01050	1	2000	1347
SAV_RS01055	1	2000	555
SAV_RS01060	1	2000	1638
SAV_RS01065	1	2000	99
SAV_RS01070	4	23	2043
SAV_RS01075	1	2000	1053
SAV_RS01080	1	2000	894
SAV_RS01085	1	2000	1452
SAV_RS01090	1	2000	873
SAV_RS01095	1	2000	279
SAV_RS01100	1	2000	2787
SAV_RS01105	1	2000	597
SAV_RS01110	1	2000	1110
SAV_RS01115	1	2000	678
SAV_RS01120	1	2000	1176
SAV_RS01125	1	2000	219
SAV_RS01130	1	2000	1716
SAV_RS01135	1	2000	462
SAV_RS01140	1	2000	720
SAV_RS01145	1	2000	195
SAV_RS01150	1	2000	69
SAV_RS01155	1	2000	1590
SAV_RS01160	1	2000	1476
SAV_RS01165	1	2000	1161
SAV_RS01170	1	2000	1773
SAV_RS15835	1	2000	2004
SAV_RS01175	1	2000	771
SAV_RS01180	1	2000	624
SAV_RS01185	1	2000	576
SAV_RS01190	1	2000	1095
SAV_RS01195	1	2000	1269
SAV_RS01200	1	2000	1266
SAV_RS01205	1	2000	837
SAV_RS01210	1	2000	1074
SAV_RS01215	1	2000	1038
SAV_RS01220	1	2000	966
SAV_RS01225	1	2000	492
SAV_RS01230	1	2000	1377
SAV_RS01235	1	2000	756
SAV_RS01240	1	2000	1554
SAV_RS01245	1	2000	966
SAV_RS01250	4	23	2247
SAV_RS01255	1	2000	753
SAV_RS01260	1	2000	1761
SAV_RS01265	1	2000	342
SAV_RS01270	1	2000	1974
SAV_RS01275	1	2000	105
SAV_RS01280	1	2000	1182
SAV_RS01285	1	2000	2259
SAV_RS01290	1	2000	1209
SAV_RS01295	1	2000	1503
SAV_RS01300	1	2000	1575
SAV_RS01310	1	2000	1140
SAV_RS01315	1	2000	1473
SAV_RS01320	1	2000	354
SAV_RS01325	1	2000	171
SAV_RS01330	1	2000	1143
SAV_RS01335	1	2000	105
SAV_RS01340	1	2000	951
SAV_RS01345	1	2000	1527
SAV_RS01350	1	2000	933
SAV_RS01355	1	2000	2094
SAV_RS01360	1	2000	465
SAV_RS01365	1	2000	276
SAV_RS01375	1	2000	1257
SAV_RS01380	1	2000	1053
SAV_RS01385	1	2000	144
SAV_RS01390	1	2000	1041
SAV_RS01395	1	2000	714
SAV_RS01400	1	2000	1023
SAV_RS01405	1	2000	1692
SAV_RS01410	1	2000	1167
SAV_RS01415	1	2000	714
SAV_RS01420	1	2000	1023
SAV_RS01425	1	2000	1686
SAV_RS01430	1	2000	1719
SAV_RS01435	1	2000	672
SAV_RS01440	1	2000	1752
SAV_RS01445	1	2000	738
SAV_RS01450	1	2000	441
SAV_RS01455	1	2000	699
SAV_RS01460	1	2000	702
SAV_RS01465	1	2000	789
SAV_RS01470	1	2000	1434
SAV_RS01475	1	2000	759
SAV_RS01480	1	2000	132
SAV_RS01485	1	2000	912
SAV_RS01490	1	2000	402
SAV_RS01495	1	2000	879
SAV_RS01500	1	2000	996
SAV_RS01510	1	2000	186
SAV_RS01515	1	2000	390
SAV_RS01520	1	2000	1374
SAV_RS01525	1	2000	990
SAV_RS01530	1	2000	948
SAV_RS01535	1	2000	657
SAV_RS01540	1	2000	918
SAV_RS01545	1	2000	1164
SAV_RS01550	1	2000	1521
SAV_RS01555	1	2000	891
SAV_RS01560	1	2000	291
SAV_RS01565	1	2000	3027
SAV_RS01570	1	2000	456
SAV_RS01575	1	2000	240
SAV_RS01580	1	2000	1332
SAV_RS01585	1	2000	4437
SAV_RS01590	1	2000	390
SAV_RS01595	1	2000	312
SAV_RS01600	1	2000	672
SAV_RS01605	1	2000	315
SAV_RS01610	1	2000	1842
SAV_RS01615	1	2000	489
SAV_RS01620	1	2000	681
SAV_RS01625	1	2000	609
SAV_RS01630	1	2000	216
SAV_RS01635	1	2000	498
SAV_RS01640	1	2000	498
SAV_RS01645	1	2000	498
SAV_RS01650	1	2000	483
SAV_RS01655	1	2000	372
SAV_RS01660	1	2000	396
SAV_RS01665	1	2000	822
SAV_RS01670	1	2000	1305
SAV_RS01675	1	2000	888
SAV_RS01680	1	2000	1047
SAV_RS01685	1	2000	675
SAV_RS01690	1	2000	138
SAV_RS01695	1	2000	987
SAV_RS01700	1	2000	1116
SAV_RS01705	1	2000	921
SAV_RS01710	1	2000	1218
SAV_RS01720	1	2000	1530
SAV_RS01725	1	2000	879
SAV_RS15840	1	2000	858
SAV_RS01730	1	2000	798
SAV_RS01735	1	2000	666
SAV_RS01740	1	2000	1311
SAV_RS01745	1	2000	2073
SAV_RS01750	1	2000	825
SAV_RS01755	1	2000	1197
SAV_RS01760	1	2000	90
SAV_RS01765	1	2000	999
SAV_RS01770	1	2000	330
SAV_RS01775	1	2000	798
SAV_RS01780	1	2000	942
SAV_RS01785	1	2000	1020
SAV_RS01790	1	2000	1023
SAV_RS01795	1	2000	1344
SAV_RS01800	1	2000	282
SAV_RS01805	1	2000	441
SAV_RS01810	1	2000	1953
SAV_RS01815	1	2000	417
SAV_RS01820	1	2000	1353
SAV_RS01825	1	2000	456
SAV_RS01830	1	2000	1356
SAV_RS01835	1	2000	924
SAV_RS01840	1	2000	1059
SAV_RS01845	1	2000	564
SAV_RS01850	1	2000	993
SAV_RS01855	1	2000	543
SAV_RS01860	1	2000	852
SAV_RS01870	1	2000	1227
SAV_RS01875	1	2000	1710
SAV_RS01880	1	2000	660
SAV_RS01885	1	2000	222
SAV_RS01890	1	2000	387
SAV_RS01900	1	2000	201
SAV_RS01905	1	2000	711
SAV_RS01910	1	2000	840
SAV_RS01915	1	2000	627
SAV_RS01920	1	2000	1131
SAV_RS01925	1	2000	1179
SAV_RS01930	1	2000	750
SAV_RS01935	3	28	2226
SAV_RS01940	3	28	1839
SAV_RS01945	3	28	1158
SAV_RS01950	3	28	1101
SAV_RS01955	1	2000	843
SAV_RS01965	1	2000	879
SAV_RS01970	1	2000	201
SAV_RS01975	1	2000	1095
SAV_RS01980	1	2000	189
SAV_RS01985	1	2000	294
SAV_RS01990	1	2000	501
SAV_RS01995	1	2000	240
SAV_RS02000	1	2000	936
SAV_RS02005	1	2000	711
SAV_RS02010	1	2000	609
SAV_RS02015	1	2000	366
SAV_RS02020	1	2000	570
SAV_RS02025	1	2000	261
SAV_RS02030	1	2000	249
SAV_RS02035	1	2000	207
SAV_RS14965	1	2000	579
SAV_RS02045	1	2000	381
SAV_RS02050	1	2000	624
SAV_RS02055	3	28	1521
SAV_RS02060	3	28	567
SAV_RS02065	3	28	753
SAV_RS02070	3	28	1386
SAV_RS02075	3	28	96
SAV_RS02080	3	28	1317
SAV_RS02085	3	28	69
SAV_RS02090	3	28	954
SAV_RS02095	3	28	660
SAV_RS02100	3	28	405
SAV_RS02105	3	28	576
SAV_RS02110	3	28	1266
SAV_RS02115	4	23	1464
SAV_RS02120	4	23	1539
SAV_RS16035	5	22	1191
SAV_RS02125	5	22	198
SAV_RS02130	5	22	228
SAV_RS02135	5	22	420
SAV_RS02140	5	22	351
SAV_RS02145	5	22	1917
SAV_RS02150	5	22	114
SAV_RS02155	5	22	927
SAV_RS02160	5	22	1020
SAV_RS02165	5	22	2025
SAV_RS02170	5	22	2451
SAV_RS02175	5	22	393
SAV_RS02180	5	22	636
SAV_RS14980	5	22	498
SAV_RS02185	5	22	777
SAV_RS14985	5	22	219
SAV_RS02190	5	22	240
SAV_RS02195	5	22	1182
SAV_RS02200	5	22	1401
SAV_RS02205	5	22	771
SAV_RS02210	5	22	375
SAV_RS02215	5	22	312
SAV_RS02220	2	148	1791
SAV_RS02225	2	148	2187
SAV_RS02230	2	148	1188
SAV_RS14990	2	148	534
SAV_RS02235	2	148	702
SAV_RS02240	2	148	270
SAV_RS02245	2	148	150
SAV_RS02250	2	148	357
SAV_RS02255	2	148	843
SAV_RS02260	2	148	678
SAV_RS02265	2	148	693
SAV_RS02270	2	148	1068
SAV_RS02275	2	148	135
SAV_RS02280	2	148	702
SAV_RS02285	2	148	693
SAV_RS02290	2	148	696
SAV_RS02295	2	148	696
SAV_RS02300	2	148	681
SAV_RS02305	2	148	99
SAV_RS02310	1	2000	1554
SAV_RS02315	2	148	1209
SAV_RS02320	2	148	681
SAV_RS02325	2	148	1485
SAV_RS02335	2	148	771
SAV_RS02340	2	148	792
SAV_RS02345	2	148	783
SAV_RS02350	2	148	759
SAV_RS02355	2	148	783
SAV_RS02360	2	148	780
SAV_RS02365	2	148	789
SAV_RS02370	2	148	798
SAV_RS02375	2	148	780
SAV_RS02380	2	148	813
SAV_RS02385	2	148	1323
SAV_RS02390	2	148	321
SAV_RS02395	2	148	312
SAV_RS02400	2	148	198
SAV_RS02405	1	2000	1200
SAV_RS02410	1	2000	60
SAV_RS02415	1	2000	66
SAV_RS02420	1	2000	63
SAV_RS02425	1	2000	63
SAV_RS02430	1	2000	1482
SAV_RS02435	1	2000	2703
SAV_RS02440	1	2000	360
SAV_RS02445	1	2000	414
SAV_RS02450	1	2000	672
SAV_RS02455	1	2000	732
SAV_RS15575	1	2000	1335
SAV_RS15000	1	2000	903
SAV_RS15580	1	2000	1140
SAV_RS15585	1	2000	1023
SAV_RS02465	1	2000	657
SAV_RS02470	1	2000	840
SAV_RS02475	1	2000	801
SAV_RS15005	1	2000	267
SAV_RS02485	1	2000	393
SAV_RS02490	1	2000	483
SAV_RS02495	1	2000	780
SAV_RS02500	1	2000	1116
SAV_RS02505	1	2000	882
SAV_RS02510	6	39	4497
SAV_RS02515	6	39	1461
SAV_RS02520	6	39	1425
SAV_RS02525	6	39	1638
SAV_RS02530	6	39	726
SAV_RS02535	6	39	99
SAV_RS02540	6	39	522
SAV_RS02545	6	39	1695
SAV_RS02550	6	39	315
SAV_RS02555	6	39	594
SAV_RS02560	6	39	1335
SAV_RS02565	6	39	615
SAV_RS02575	6	39	327
SAV_RS02580	6	39	924
SAV_RS02585	6	39	801
SAV_RS02590	6	39	345
SAV_RS02595	6	39	723
SAV_RS02600	6	39	246
SAV_RS02605	6	39	837
SAV_RS02610	6	39	1971
SAV_RS02615	6	39	771
SAV_RS02635	6	39	534
SAV_RS02640	6	39	891
SAV_RS02645	6	39	261
SAV_RS02655	6	39	846
SAV_RS02660	6	39	822
SAV_RS02665	6	39	378
SAV_RS02670	6	39	300
SAV_RS02675	6	39	129
SAV_RS02680	6	39	1350
SAV_RS02690	6	39	963
SAV_RS02695	3	28	651
SAV_RS02700	1	2000	570
SAV_RS02705	1	2000	3504
SAV_RS02710	1	2000	1524
SAV_RS02715	1	2000	1191
SAV_RS02720	1	2000	261
SAV_RS02725	1	2000	390
SAV_RS02730	1	2000	399
SAV_RS02735	1	2000	1293
SAV_RS02740	1	2000	537
SAV_RS02745	7	280	2091
SAV_RS02755	7	280	879
SAV_RS02760	7	280	930
SAV_RS02765	7	280	801
SAV_RS02770	7	280	363
SAV_RS02775	7	280	474
SAV_RS02780	7	280	90
SAV_RS02785	7	280	1485
SAV_RS02790	7	280	1380
SAV_RS02795	7	280	885
SAV_RS02800	7	280	558
SAV_RS02805	7	280	1212
SAV_RS02810	7	280	459
SAV_RS02815	7	280	564
SAV_RS02820	7	280	1005
SAV_RS02825	7	280	2454
SAV_RS02830	7	280	1362
SAV_RS02835	7	280	1071
SAV_RS02840	7	280	1452
SAV_RS02910	7	280	645
SAV_RS02915	7	280	1398
SAV_RS02920	7	280	402
SAV_RS02925	7	280	744
SAV_RS02930	7	280	522
SAV_RS02935	7	280	567
SAV_RS02940	7	280	141
SAV_RS02945	7	280	180
SAV_RS02955	7	280	546
SAV_RS02960	7	280	420
SAV_RS02965	7	280	690
SAV_RS02970	7	280	498
SAV_RS02975	7	280	366
SAV_RS02980	7	280	606
SAV_RS02985	4	23	3549
SAV_RS02990	4	23	3594
SAV_RS02995	1	2000	252
SAV_RS15020	1	2000	411
SAV_RS03000	1	2000	468
SAV_RS03005	8	2	2079
SAV_RS03010	8	2	1182
SAV_RS03015	1	2000	1173
SAV_RS03020	1	2000	1185
SAV_RS03025	1	2000	876
SAV_RS03030	1	2000	1635
SAV_RS03035	1	2000	963
SAV_RS03040	1	2000	1074
SAV_RS03045	1	2000	681
SAV_RS03050	1	2000	660
SAV_RS03055	1	2000	615
SAV_RS03060	1	2000	468
SAV_RS03065	1	2000	867
SAV_RS03070	1	2000	564
SAV_RS03075	9	3	2859
SAV_RS03080	9	3	4155
SAV_RS03085	9	3	3423
SAV_RS03090	1	2000	1470
SAV_RS03095	1	2000	1488
SAV_RS03100	1	2000	876
SAV_RS03105	1	2000	663
SAV_RS03110	1	2000	360
SAV_RS03115	1	2000	756
SAV_RS03120	1	2000	630
SAV_RS03125	1	2000	546
SAV_RS03130	1	2000	645
SAV_RS03135	1	2000	1398
SAV_RS03140	1	2000	1374
SAV_RS03145	1	2000	1137
SAV_RS03150	1	2000	363
SAV_RS03155	1	2000	267
SAV_RS03160	1	2000	165
SAV_RS03165	1	2000	828
SAV_RS03170	1	2000	654
SAV_RS03175	1	2000	378
SAV_RS03180	1	2000	366
SAV_RS03185	1	2000	1482
SAV_RS03190	1	2000	450
SAV_RS03195	1	2000	762
SAV_RS03200	1	2000	750
SAV_RS03205	1	2000	984
SAV_RS03210	1	2000	834
SAV_RS03215	1	2000	918
SAV_RS03220	1	2000	981
SAV_RS03225	1	2000	1074
SAV_RS03230	1	2000	339
SAV_RS03235	1	2000	1320
SAV_RS03240	1	2000	438
SAV_RS03245	1	2000	99
SAV_RS03250	1	2000	1392
SAV_RS03255	1	2000	633
SAV_RS03260	1	2000	618
SAV_RS03265	1	2000	630
SAV_RS03270	1	2000	936
SAV_RS03275	1	2000	534
SAV_RS03280	1	2000	474
SAV_RS03285	1	2000	1293
SAV_RS03290	1	2000	519
SAV_RS03295	1	2000	1008
SAV_RS03300	1	2000	414
SAV_RS03305	1	2000	1659
SAV_RS03310	1	2000	633
SAV_RS03315	1	2000	777
SAV_RS03320	1	2000	948
SAV_RS03325	1	2000	717
SAV_RS03335	1	2000	798
SAV_RS03340	1	2000	504
SAV_RS03345	1	2000	714
SAV_RS03350	1	2000	786
SAV_RS03355	1	2000	372
SAV_RS03360	1	2000	927
SAV_RS03365	1	2000	222
SAV_RS03370	1	2000	201
SAV_RS03375	1	2000	558
SAV_RS03380	1	2000	2400
SAV_RS03385	1	2000	423
SAV_RS03390	1	2000	342
SAV_RS03395	1	2000	1494
SAV_RS03400	1	2000	480
SAV_RS03405	1	2000	300
SAV_RS03410	1	2000	435
SAV_RS03415	1	2000	2040
SAV_RS03420	1	2000	1317
SAV_RS03425	1	2000	927
SAV_RS03430	1	2000	834
SAV_RS03435	1	2000	741
SAV_RS03440	1	2000	642
SAV_RS03445	1	2000	750
SAV_RS03450	1	2000	762
SAV_RS03455	1	2000	792
SAV_RS03460	1	2000	810
SAV_RS03465	1	2000	1101
SAV_RS03470	1	2000	1059
SAV_RS03475	1	2000	396
SAV_RS03480	1	2000	1293
SAV_RS03485	1	2000	1725
SAV_RS03490	1	2000	1227
SAV_RS03495	1	2000	90
SAV_RS03500	1	2000	831
SAV_RS03505	1	2000	795
SAV_RS03510	1	2000	1002
SAV_RS03515	1	2000	1014
SAV_RS03520	1	2000	966
SAV_RS03525	1	2000	582
SAV_RS03530	1	2000	360
SAV_RS03535	1	2000	495
SAV_RS03540	1	2000	1065
SAV_RS03545	1	2000	1041
SAV_RS03550	1	2000	426
SAV_RS03555	1	2000	504
SAV_RS03560	1	2000	921
SAV_RS03565	1	2000	672
SAV_RS03570	1	2000	1038
SAV_RS03575	1	2000	759
SAV_RS03580	1	2000	1887
SAV_RS03585	1	2000	615
SAV_RS03590	1	2000	1005
SAV_RS03595	1	2000	795
SAV_RS03600	1	2000	642
SAV_RS03605	1	2000	2148
SAV_RS03615	1	2000	357
SAV_RS03620	1	2000	714
SAV_RS03625	1	2000	471
SAV_RS03630	1	2000	114
SAV_RS03635	1	2000	642
SAV_RS03640	1	2000	864
SAV_RS03645	1	2000	1218
SAV_RS03650	1	2000	486
SAV_RS03655	1	2000	687
SAV_RS03660	1	2000	441
SAV_RS03665	1	2000	393
SAV_RS03670	1	2000	297
SAV_RS03675	1	2000	540
SAV_RS03680	1	2000	564
SAV_RS03685	1	2000	456
SAV_RS03690	1	2000	681
SAV_RS03695	1	2000	873
SAV_RS03700	1	2000	1629
SAV_RS03705	1	2000	1671
SAV_RS03710	1	2000	441
SAV_RS03715	1	2000	924
SAV_RS03720	1	2000	906
SAV_RS03725	1	2000	285
SAV_RS03730	1	2000	1551
SAV_RS03735	1	2000	1371
SAV_RS03740	1	2000	282
SAV_RS03745	1	2000	615
SAV_RS03750	1	2000	420
SAV_RS03755	1	2000	1164
SAV_RS03760	1	2000	450
SAV_RS03765	1	2000	480
SAV_RS03770	1	2000	762
SAV_RS03775	1	2000	918
SAV_RS03780	1	2000	1956
SAV_RS03785	1	2000	1179
SAV_RS03790	1	2000	1347
SAV_RS03795	1	2000	837
SAV_RS03800	1	2000	981
SAV_RS03805	1	2000	1053
SAV_RS03810	1	2000	684
SAV_RS03815	1	2000	471
SAV_RS03820	1	2000	438
SAV_RS03825	1	2000	582
SAV_RS03830	1	2000	711
SAV_RS03835	1	2000	417
SAV_RS03840	1	2000	666
SAV_RS03850	1	2000	591
SAV_RS03855	1	2000	1149
SAV_RS03860	1	2000	606
SAV_RS03865	1	2000	204
SAV_RS03870	1	2000	708
SAV_RS03875	1	2000	1002
SAV_RS03880	1	2000	1938
SAV_RS03885	1	2000	1881
SAV_RS03890	1	2000	1779
SAV_RS03895	1	2000	975
SAV_RS03900	1	2000	1512
SAV_RS03905	1	2000	1056
SAV_RS03910	1	2000	540
SAV_RS03915	1	2000	915
SAV_RS03920	1	2000	99
SAV_RS03925	1	2000	1503
SAV_RS03930	1	2000	243
SAV_RS03935	1	2000	498
SAV_RS03940	1	2000	864
SAV_RS03950	1	2000	396
SAV_RS03955	1	2000	2103
SAV_RS03960	1	2000	969
SAV_RS03965	1	2000	153
SAV_RS03970	1	2000	969
SAV_RS03975	1	2000	954
SAV_RS03985	1	2000	759
SAV_RS03990	1	2000	1026
SAV_RS03995	1	2000	312
SAV_RS15855	1	2000	921
SAV_RS04000	1	2000	516
SAV_RS04005	1	2000	876
SAV_RS04010	1	2000	318
SAV_RS04015	1	2000	1122
SAV_RS04020	1	2000	1224
SAV_RS04025	1	2000	492
SAV_RS04030	1	2000	759
SAV_RS04035	1	2000	1068
SAV_RS04040	1	2000	1053
SAV_RS04045	1	2000	639
SAV_RS04050	1	2000	864
SAV_RS04055	1	2000	1080
SAV_RS04060	1	2000	672
SAV_RS04065	1	2000	570
SAV_RS04070	1	2000	2529
SAV_RS04075	1	2000	102
SAV_RS04080	1	2000	105
SAV_RS04085	1	2000	837
SAV_RS04090	1	2000	648
SAV_RS04095	1	2000	234
SAV_RS04100	1	2000	1983
SAV_RS04105	1	2000	2844
SAV_RS04110	1	2000	930
SAV_RS04115	1	2000	837
SAV_RS04120	1	2000	483
SAV_RS04125	1	2000	1437
SAV_RS04130	1	2000	933
SAV_RS04135	1	2000	909
SAV_RS04140	1	2000	993
SAV_RS04145	1	2000	942
SAV_RS04150	1	2000	585
SAV_RS04155	1	2000	900
SAV_RS04160	1	2000	627
SAV_RS04165	1	2000	1011
SAV_RS04170	4	23	1008
SAV_RS04175	4	23	1188
SAV_RS04180	4	23	759
SAV_RS04185	4	23	1515
SAV_RS04190	4	23	1302
SAV_RS04195	4	23	456
SAV_RS04205	4	23	231
SAV_RS04210	4	23	738
SAV_RS04215	1	2000	2370
SAV_RS04225	1	2000	462
SAV_RS04230	2	148	1104
SAV_RS04235	2	148	672
SAV_RS04240	2	148	204
SAV_RS04245	2	148	225
SAV_RS04250	2	148	144
SAV_RS04255	2	148	207
SAV_RS04260	2	148	315
SAV_RS04265	2	148	867
SAV_RS04270	2	148	1467
SAV_RS04275	2	148	360
SAV_RS04280	2	148	282
SAV_RS04285	2	148	639
SAV_RS04290	2	148	339
SAV_RS04295	2	148	576
SAV_RS04300	2	148	216
SAV_RS04305	2	148	525
SAV_RS04310	2	148	339
SAV_RS04315	2	148	567
SAV_RS04320	2	148	966
SAV_RS04325	2	148	192
SAV_RS04330	2	148	114
SAV_RS04335	2	148	912
SAV_RS04340	2	148	846
SAV_RS04345	2	148	321
SAV_RS04350	2	148	144
SAV_RS04355	2	148	726
SAV_RS04360	2	148	153
SAV_RS04365	2	148	519
SAV_RS04370	2	148	528
SAV_RS04375	1	2000	2805
SAV_RS04380	1	2000	1500
SAV_RS04385	1	2000	1020
SAV_RS15795	1	2000	519
SAV_RS16040	1	2000	684
SAV_RS04395	1	2000	198
SAV_RS04400	1	2000	216
SAV_RS04410	1	2000	282
SAV_RS15865	1	2000	567
SAV_RS04420	1	2000	186
SAV_RS04425	1	2000	258
SAV_RS04430	1	2000	201
SAV_RS04435	1	2000	234
SAV_RS04440	1	2000	579
SAV_RS04445	1	2000	615
SAV_RS04450	1	2000	492
SAV_RS04455	1	2000	420
SAV_RS04460	1	2000	714
SAV_RS04465	1	2000	537
SAV_RS04470	1	2000	318
SAV_RS04475	1	2000	354
SAV_RS04480	1	2000	378
SAV_RS04485	1	2000	876
SAV_RS04490	1	2000	384
SAV_RS04495	1	2000	294
SAV_RS04500	1	2000	1023
SAV_RS04505	1	2000	693
SAV_RS04510	1	2000	819
SAV_RS04515	1	2000	192
SAV_RS04520	1	2000	849
SAV_RS04525	1	2000	759
SAV_RS04530	1	2000	1305
SAV_RS04535	1	2000	1248
SAV_RS04540	1	2000	462
SAV_RS04545	10	128	1395
SAV_RS04555	10	128	1047
SAV_RS04565	10	128	177
SAV_RS04570	10	128	930
SAV_RS04575	10	128	462
SAV_RS04580	10	128	327
SAV_RS04585	10	128	189
SAV_RS04590	10	128	141
SAV_RS04595	10	128	207
SAV_RS04600	10	128	777
SAV_RS04605	10	128	222
SAV_RS04610	10	128	141
SAV_RS04615	10	128	645
SAV_RS04620	10	128	219
SAV_RS04625	10	128	159
SAV_RS04630	10	128	300
SAV_RS04635	10	128	258
SAV_RS04640	10	128	219
SAV_RS04645	10	128	423
SAV_RS04650	10	128	549
SAV_RS04655	10	128	672
SAV_RS04660	10	128	279
SAV_RS04665	10	128	729
SAV_RS04670	10	128	783
SAV_RS04675	10	128	156
SAV_RS04680	10	128	219
SAV_RS04685	10	128	402
SAV_RS04690	10	128	369
SAV_RS04695	10	128	246
SAV_RS04700	10	128	246
SAV_RS04705	10	128	534
SAV_RS04710	10	128	204
SAV_RS04715	10	128	192
SAV_RS04720	10	128	201
SAV_RS04725	10	128	234
SAV_RS04730	10	128	384
SAV_RS04735	10	128	171
SAV_RS04740	10	128	144
SAV_RS04745	10	128	417
SAV_RS04750	10	128	438
SAV_RS04755	10	128	1275
SAV_RS04760	10	128	1533
SAV_RS04765	10	128	993
SAV_RS04770	10	128	168
SAV_RS04775	10	128	612
SAV_RS04780	10	128	285
SAV_RS04785	10	128	330
SAV_RS04790	10	128	300
SAV_RS04795	10	128	345
SAV_RS04800	10	128	381
SAV_RS04805	10	128	579
SAV_RS04810	10	128	363
SAV_RS04815	10	128	342
SAV_RS04820	11	42	3462
SAV_RS04825	11	42	945
SAV_RS04830	11	42	1899
SAV_RS04835	11	42	1908
SAV_RS04840	11	42	1821
SAV_RS04845	11	42	375
SAV_RS04850	11	42	171
SAV_RS04855	11	42	297
SAV_RS04860	11	42	1896
SAV_RS04865	11	42	1236
SAV_RS04870	11	42	393
SAV_RS04875	11	42	435
SAV_RS04880	11	42	1443
SAV_RS04885	11	42	150
SAV_RS04890	11	42	108
SAV_RS04895	11	42	183
SAV_RS04900	11	42	630
SAV_RS04905	11	42	429
SAV_RS04910	11	42	312
SAV_RS04915	11	42	1038
SAV_RS04920	11	42	1065
SAV_RS04925	11	42	846
SAV_RS04930	11	42	825
SAV_RS04935	11	42	1317
SAV_RS04940	11	42	915
SAV_RS04945	11	42	381
SAV_RS04950	11	42	1317
SAV_RS04955	11	42	264
SAV_RS04960	11	42	432
SAV_RS04965	11	42	777
SAV_RS04970	11	42	957
SAV_RS04975	11	42	108
SAV_RS04980	11	42	150
SAV_RS04985	11	42	1455
SAV_RS04990	11	42	1212
SAV_RS04995	11	42	234
SAV_RS05000	11	42	1173
SAV_RS05005	11	42	240
SAV_RS05015	11	42	321
SAV_RS05020	11	42	1062
SAV_RS05025	11	42	234
SAV_RS05030	11	42	357
SAV_RS05035	7	280	1206
SAV_RS05040	7	280	1473
SAV_RS05045	7	280	1314
SAV_RS05050	7	280	372
SAV_RS05055	7	280	1152
SAV_RS05060	7	280	354
SAV_RS05065	7	280	291
SAV_RS05070	7	280	477
SAV_RS05075	7	280	1494
SAV_RS05080	7	280	339
SAV_RS05085	7	280	426
SAV_RS05090	7	280	2403
SAV_RS05095	7	280	381
SAV_RS05100	7	280	591
SAV_RS05105	7	280	375
SAV_RS05110	7	280	1125
SAV_RS05115	7	280	1188
SAV_RS05120	7	280	1242
SAV_RS05125	7	280	927
SAV_RS05130	7	280	1377
SAV_RS05135	7	280	1203
SAV_RS05140	7	280	1329
SAV_RS05145	7	280	573
SAV_RS05150	7	280	522
SAV_RS05155	7	280	573
SAV_RS05160	7	280	3471
SAV_RS05165	7	280	3651
SAV_RS05170	7	280	900
SAV_RS05175	7	280	387
SAV_RS05180	7	280	1314
SAV_RS05185	7	280	822
SAV_RS05190	7	280	306
SAV_RS05195	1	2000	1812
SAV_RS05200	1	2000	2607
SAV_RS05205	1	2000	867
SAV_RS05210	1	2000	1143
SAV_RS05215	1	2000	639
SAV_RS05220	1	2000	1119
SAV_RS05225	1	2000	513
SAV_RS05230	1	2000	432
SAV_RS05235	1	2000	183
SAV_RS05240	1	2000	939
SAV_RS05245	1	2000	1242
SAV_RS05250	1	2000	369
SAV_RS05255	1	2000	924
SAV_RS05260	1	2000	1068
SAV_RS05265	1	2000	1080
SAV_RS05270	1	2000	939
SAV_RS05275	1	2000	1653
SAV_RS05280	1	2000	1713
SAV_RS05285	1	2000	984
SAV_RS05290	1	2000	978
SAV_RS05295	1	2000	960
SAV_RS05300	1	2000	879
SAV_RS05305	1	2000	987
SAV_RS05310	1	2000	393
SAV_RS05315	1	2000	717
SAV_RS05320	1	2000	984
SAV_RS05325	1	2000	1806
SAV_RS05330	1	2000	804
SAV_RS05335	1	2000	363
SAV_RS05340	1	2000	591
SAV_RS05345	1	2000	345
SAV_RS05350	1	2000	633
SAV_RS05355	1	2000	807
SAV_RS05360	1	2000	852
SAV_RS05365	1	2000	1383
SAV_RS05370	1	2000	1842
SAV_RS05375	1	2000	768
SAV_RS05380	1	2000	1083
SAV_RS05385	1	2000	1566
SAV_RS05390	1	2000	756
SAV_RS05395	1	2000	507
SAV_RS05400	1	2000	1188
SAV_RS05405	1	2000	1173
SAV_RS05410	1	2000	1482
SAV_RS05415	1	2000	249
SAV_RS05420	1	2000	1605
SAV_RS05425	1	2000	801
SAV_RS05430	1	2000	2322
SAV_RS05435	1	2000	1356
SAV_RS05440	1	2000	1509
SAV_RS05445	1	2000	567
SAV_RS05450	1	2000	216
SAV_RS05455	1	2000	984
SAV_RS05460	1	2000	174
SAV_RS05465	1	2000	600
SAV_RS05470	1	2000	60
SAV_RS05475	1	2000	99
SAV_RS05480	1	2000	270
SAV_RS05485	1	2000	1962
SAV_RS05490	1	2000	318
SAV_RS05495	1	2000	639
SAV_RS05500	1	2000	288
SAV_RS05505	1	2000	135
SAV_RS05510	1	2000	354
SAV_RS05515	1	2000	957
SAV_RS05520	1	2000	129
SAV_RS05525	1	2000	213
SAV_RS05540	1	2000	549
SAV_RS05545	1	2000	936
SAV_RS05550	1	2000	102
SAV_RS05555	1	2000	1320
SAV_RS05560	1	2000	1671
SAV_RS15875	1	2000	801
SAV_RS05570	1	2000	819
SAV_RS15135	1	2000	327
SAV_RS05575	1	2000	1179
SAV_RS05580	1	2000	1026
SAV_RS05585	1	2000	1152
SAV_RS15140	1	2000	1008
SAV_RS16000	1	2000	417
SAV_RS05595	1	2000	108
SAV_RS05600	4	23	3744
SAV_RS05605	1	2000	432
SAV_RS05610	1	2000	468
SAV_RS05615	1	2000	1215
SAV_RS05620	1	2000	1191
SAV_RS15880	1	2000	276
SAV_RS05625	1	2000	603
SAV_RS05630	7	280	1986
SAV_RS05635	7	280	1098
SAV_RS05640	7	280	123
SAV_RS05645	7	280	315
SAV_RS05650	7	280	858
SAV_RS05655	7	280	480
SAV_RS05660	7	280	1122
SAV_RS05665	7	280	702
SAV_RS05670	7	280	261
SAV_RS05675	7	280	669
SAV_RS05680	7	280	2187
SAV_RS05685	7	280	1482
SAV_RS05690	7	280	1026
SAV_RS05695	7	280	564
SAV_RS05700	7	280	1476
SAV_RS05705	7	280	1245
SAV_RS05710	7	280	804
SAV_RS05715	7	280	1398
SAV_RS05720	7	280	573
SAV_RS05725	7	280	132
SAV_RS05730	7	280	1293
SAV_RS05735	7	280	1170
SAV_RS05740	7	280	540
SAV_RS05745	7	280	264
SAV_RS05750	7	280	1716
SAV_RS05755	7	280	231
SAV_RS05760	7	280	1359
SAV_RS05765	7	280	1017
SAV_RS05770	7	280	660
SAV_RS05775	7	280	1695
SAV_RS05780	7	280	216
SAV_RS05785	7	280	120
SAV_RS05790	7	280	549
SAV_RS05795	7	280	624
SAV_RS05800	7	280	1110
SAV_RS05805	7	280	975
SAV_RS05820	7	280	1290
SAV_RS05825	4	23	1404
SAV_RS05830	1	2000	273
SAV_RS05835	1	2000	537
SAV_RS05840	1	2000	1092
SAV_RS05845	1	2000	795
SAV_RS05850	1	2000	807
SAV_RS05855	1	2000	1071
SAV_RS05860	1	2000	1017
SAV_RS05865	1	2000	417
SAV_RS05870	1	2000	1350
SAV_RS05875	1	2000	612
SAV_RS05880	1	2000	825
SAV_RS05885	1	2000	189
SAV_RS05890	1	2000	1845
SAV_RS05895	1	2000	165
SAV_RS05900	1	2000	480
SAV_RS05905	1	2000	273
SAV_RS05910	1	2000	1224
SAV_RS05915	1	2000	3450
SAV_RS05920	1	2000	909
SAV_RS05925	1	2000	909
SAV_RS05930	1	2000	459
SAV_RS05935	1	2000	1035
SAV_RS05940	1	2000	432
SAV_RS05945	1	2000	924
SAV_RS05950	1	2000	252
SAV_RS05955	1	2000	387
SAV_RS05960	1	2000	540
SAV_RS05965	1	2000	480
SAV_RS05970	1	2000	1137
SAV_RS05975	1	2000	555
SAV_RS05980	1	2000	171
SAV_RS05985	1	2000	1935
SAV_RS05990	1	2000	1050
SAV_RS05995	1	2000	681
SAV_RS06000	1	2000	1074
SAV_RS06005	1	2000	876
SAV_RS06010	1	2000	963
SAV_RS06015	1	2000	732
SAV_RS06025	1	2000	321
SAV_RS06030	1	2000	105
SAV_RS06035	1	2000	738
SAV_RS06040	1	2000	1056
SAV_RS06045	1	2000	2400
SAV_RS06050	1	2000	936
SAV_RS06055	1	2000	519
SAV_RS06060	1	2000	1710
SAV_RS06065	1	2000	2346
SAV_RS06075	1	2000	312
SAV_RS06080	1	2000	93
SAV_RS06085	1	2000	1779
SAV_RS06090	1	2000	612
SAV_RS06095	1	2000	1764
SAV_RS06100	1	2000	813
SAV_RS06105	1	2000	798
SAV_RS06110	1	2000	585
SAV_RS06115	1	2000	501
SAV_RS06120	1	2000	165
SAV_RS06125	1	2000	327
SAV_RS06130	1	2000	90
SAV_RS06135	1	2000	399
SAV_RS06140	1	2000	504
SAV_RS06145	1	2000	495
SAV_RS06150	1	2000	348
SAV_RS06155	1	2000	183
SAV_RS06160	1	2000	231
SAV_RS06165	1	2000	1317
SAV_RS06170	1	2000	957
SAV_RS06175	1	2000	144
SAV_RS06180	1	2000	222
SAV_RS06185	1	2000	714
SAV_RS06190	1	2000	723
SAV_RS06195	1	2000	723
SAV_RS06200	1	2000	999
SAV_RS06205	1	2000	930
SAV_RS06210	1	2000	1554
SAV_RS06215	1	2000	225
SAV_RS06220	1	2000	945
SAV_RS06225	1	2000	186
SAV_RS06230	1	2000	132
SAV_RS06235	1	2000	132
SAV_RS06240	1	2000	693
SAV_RS06255	1	2000	444
SAV_RS06265	1	2000	1611
SAV_RS06270	1	2000	429
SAV_RS06275	1	2000	933
SAV_RS06280	1	2000	399
SAV_RS06285	1	2000	2232
SAV_RS06290	1	2000	963
SAV_RS06295	1	2000	1347
SAV_RS06300	1	2000	1317
SAV_RS06305	1	2000	1410
SAV_RS06310	1	2000	1170
SAV_RS06315	1	2000	789
SAV_RS06320	1	2000	666
SAV_RS06325	1	2000	561
SAV_RS06330	1	2000	288
SAV_RS06340	1	2000	777
SAV_RS06345	1	2000	615
SAV_RS06350	4	23	2751
SAV_RS06355	1	2000	795
SAV_RS06360	1	2000	213
SAV_RS06365	1	2000	489
SAV_RS06370	1	2000	915
SAV_RS06375	1	2000	525
SAV_RS06380	1	2000	1305
SAV_RS06385	1	2000	879
SAV_RS06390	1	2000	1272
SAV_RS06395	1	2000	1098
SAV_RS06400	1	2000	3171
SAV_RS06405	1	2000	690
SAV_RS06410	1	2000	609
SAV_RS06415	1	2000	210
SAV_RS06420	1	2000	399
SAV_RS06425	1	2000	1695
SAV_RS06430	1	2000	621
SAV_RS06435	1	2000	216
SAV_RS06440	1	2000	1197
SAV_RS06445	1	2000	2406
SAV_RS06450	1	2000	951
SAV_RS06455	1	2000	201
SAV_RS06460	1	2000	486
SAV_RS06465	1	2000	933
SAV_RS06470	1	2000	1305
SAV_RS06475	1	2000	1092
SAV_RS06480	1	2000	741
SAV_RS06485	1	2000	1992
SAV_RS06490	1	2000	873
SAV_RS06495	1	2000	642
SAV_RS06500	1	2000	639
SAV_RS06505	1	2000	186
SAV_RS06510	1	2000	372
SAV_RS06515	1	2000	1644
SAV_RS06520	1	2000	2058
SAV_RS06525	1	2000	570
SAV_RS06530	1	2000	984
SAV_RS06535	1	2000	924
SAV_RS06540	1	2000	732
SAV_RS06545	1	2000	231
SAV_RS06550	1	2000	729
SAV_RS06555	1	2000	3564
SAV_RS06560	1	2000	1248
SAV_RS06565	1	2000	330
SAV_RS06570	1	2000	1365
SAV_RS06575	1	2000	273
SAV_RS06580	1	2000	501
SAV_RS06585	1	2000	735
SAV_RS06590	1	2000	348
SAV_RS06595	1	2000	2604
SAV_RS06600	1	2000	882
SAV_RS06605	1	2000	765
SAV_RS06610	1	2000	1164
SAV_RS06615	1	2000	906
SAV_RS06620	1	2000	1116
SAV_RS06625	1	2000	1242
SAV_RS06630	1	2000	870
SAV_RS06640	1	2000	2073
SAV_RS06645	1	2000	1305
SAV_RS06650	1	2000	894
SAV_RS06655	1	2000	543
SAV_RS06660	1	2000	1401
SAV_RS06665	1	2000	771
SAV_RS06670	1	2000	72
SAV_RS06675	7	280	765
SAV_RS06680	7	280	111
SAV_RS06685	7	280	879
SAV_RS06695	7	280	720
SAV_RS06700	7	280	552
SAV_RS06705	7	280	768
SAV_RS06710	7	280	780
SAV_RS06715	7	280	1284
SAV_RS06720	7	280	1701
SAV_RS06725	7	280	4308
SAV_RS06730	7	280	465
SAV_RS06735	7	280	1173
SAV_RS06740	7	280	282
SAV_RS06745	7	280	315
SAV_RS06750	7	280	2115
SAV_RS06755	7	280	348
SAV_RS06760	7	280	915
SAV_RS06765	7	280	969
SAV_RS06770	7	280	267
SAV_RS06775	7	280	2094
SAV_RS06780	7	280	1671
SAV_RS06785	7	280	2364
SAV_RS06790	7	280	711
SAV_RS06795	7	280	1263
SAV_RS06800	7	280	1284
SAV_RS06805	7	280	702
SAV_RS06810	7	280	825
SAV_RS06815	7	280	390
SAV_RS06820	7	280	576
SAV_RS06825	7	280	1149
SAV_RS06830	7	280	1041
SAV_RS06835	7	280	1557
SAV_RS06840	7	280	213
SAV_RS06845	7	280	795
SAV_RS06850	7	280	1758
SAV_RS06855	7	280	864
SAV_RS06860	7	280	291
SAV_RS06865	7	280	1542
SAV_RS06870	7	280	363
SAV_RS06875	7	280	489
SAV_RS06880	7	280	2616
SAV_RS06885	7	280	2007
SAV_RS06890	7	280	540
SAV_RS06895	7	280	816
SAV_RS06900	7	280	1494
SAV_RS06905	7	280	1671
SAV_RS06910	7	280	912
SAV_RS06915	7	280	933
SAV_RS06920	7	280	231
SAV_RS06925	7	280	474
SAV_RS06930	7	280	1236
SAV_RS06935	7	280	1236
SAV_RS06940	7	280	366
SAV_RS06945	7	280	1338
SAV_RS06950	7	280	195
SAV_RS06955	7	280	126
SAV_RS06960	7	280	222
SAV_RS06965	7	280	204
SAV_RS06970	7	280	108
SAV_RS06975	7	280	183
SAV_RS06980	7	280	102
SAV_RS06985	7	280	249
SAV_RS06990	7	280	192
SAV_RS06995	7	280	1023
SAV_RS07000	7	280	195
SAV_RS07005	7	280	1479
SAV_RS07010	7	280	906
SAV_RS07015	7	280	729
SAV_RS07020	7	280	1089
SAV_RS07025	7	280	600
SAV_RS07030	7	280	186
SAV_RS07035	7	280	531
SAV_RS07040	7	280	852
SAV_RS15970	7	280	573
SAV_RS07045	7	280	1380
SAV_RS07050	7	280	1278
SAV_RS07055	7	280	1059
SAV_RS07060	7	280	912
SAV_RS07065	7	280	801
SAV_RS07075	7	280	312
SAV_RS15890	7	280	102
SAV_RS07090	7	280	1452
SAV_RS07095	7	280	1515
SAV_RS07100	7	280	147
SAV_RS07105	7	280	267
SAV_RS07110	7	280	975
SAV_RS07115	7	280	1014
SAV_RS07120	7	280	621
SAV_RS07125	7	280	231
SAV_RS07130	7	280	237
SAV_RS07135	7	280	1986
SAV_RS07140	7	280	240
SAV_RS07145	7	280	96
SAV_RS07150	7	280	465
SAV_RS07155	7	280	1119
SAV_RS07160	1	2000	3027
SAV_RS07165	1	2000	360
SAV_RS07170	1	2000	1644
SAV_RS07175	1	2000	2703
SAV_RS07180	1	2000	465
SAV_RS07185	1	2000	294
SAV_RS07190	1	2000	606
SAV_RS07195	1	2000	1989
SAV_RS07200	1	2000	2400
SAV_RS07205	1	2000	1458
SAV_RS07215	1	2000	849
SAV_RS07220	1	2000	165
SAV_RS07225	1	2000	1206
SAV_RS07230	1	2000	2520
SAV_RS07235	1	2000	507
SAV_RS07240	1	2000	981
SAV_RS07245	1	2000	183
SAV_RS07250	1	2000	1260
SAV_RS07255	1	2000	1089
SAV_RS07260	1	2000	1029
SAV_RS07265	1	2000	1404
SAV_RS07270	1	2000	564
SAV_RS07275	1	2000	996
SAV_RS07280	1	2000	780
SAV_RS07285	1	2000	630
SAV_RS07290	1	2000	1212
SAV_RS07295	1	2000	726
SAV_RS07300	1	2000	1260
SAV_RS07310	1	2000	1257
SAV_RS07315	1	2000	744
SAV_RS07320	1	2000	765
SAV_RS07325	1	2000	471
SAV_RS07330	1	2000	699
SAV_RS07335	1	2000	771
SAV_RS07340	1	2000	828
SAV_RS07345	1	2000	984
SAV_RS07350	1	2000	183
SAV_RS07355	1	2000	342
SAV_RS07360	1	2000	1812
SAV_RS07365	1	2000	639
SAV_RS07370	1	2000	849
SAV_RS07375	1	2000	915
SAV_RS07380	1	2000	924
SAV_RS07385	1	2000	981
SAV_RS07390	1	2000	288
SAV_RS07395	1	2000	900
SAV_RS07400	1	2000	1599
SAV_RS07405	1	2000	1203
SAV_RS07410	1	2000	987
SAV_RS07415	1	2000	885
SAV_RS07420	1	2000	720
SAV_RS07425	1	2000	717
SAV_RS07430	1	2000	1149
SAV_RS07435	1	2000	1083
SAV_RS07440	1	2000	1263
SAV_RS07445	1	2000	399
SAV_RS07450	1	2000	198
SAV_RS07455	1	2000	306
SAV_RS07460	1	2000	267
SAV_RS07465	1	2000	627
SAV_RS07470	1	2000	1134
SAV_RS07475	1	2000	1341
SAV_RS07480	1	2000	1884
SAV_RS15210	1	2000	789
SAV_RS07495	1	2000	201
SAV_RS07500	1	2000	807
SAV_RS07505	1	2000	1266
SAV_RS07510	1	2000	2796
SAV_RS07515	1	2000	1353
SAV_RS07520	1	2000	657
SAV_RS07525	1	2000	198
SAV_RS07530	1	2000	612
SAV_RS07535	1	2000	1068
SAV_RS07540	1	2000	507
SAV_RS07545	1	2000	1488
SAV_RS07550	1	2000	219
SAV_RS07560	1	2000	498
SAV_RS07565	1	2000	426
SAV_RS07570	1	2000	531
SAV_RS07575	1	2000	837
SAV_RS07580	1	2000	477
SAV_RS07585	1	2000	954
SAV_RS07590	1	2000	435
SAV_RS07595	1	2000	1122
SAV_RS07600	1	2000	249
SAV_RS07605	1	2000	192
SAV_RS07610	1	2000	702
SAV_RS07615	1	2000	399
SAV_RS07620	12	1	31872
SAV_RS07625	1	2000	1389
SAV_RS07630	1	2000	1320
SAV_RS07635	1	2000	1038
SAV_RS07640	1	2000	1116
SAV_RS07645	1	2000	876
SAV_RS07650	1	2000	3438
SAV_RS07660	1	2000	1338
SAV_RS07665	1	2000	330
SAV_RS07670	1	2000	1143
SAV_RS07675	1	2000	342
SAV_RS07680	1	2000	561
SAV_RS07685	1	2000	348
SAV_RS07690	1	2000	177
SAV_RS07695	1	2000	624
SAV_RS07700	1	2000	2181
SAV_RS07705	1	2000	339
SAV_RS07710	1	2000	657
SAV_RS07715	1	2000	684
SAV_RS07725	1	2000	1290
SAV_RS15755	1	2000	2691
SAV_RS07740	1	2000	969
SAV_RS07745	1	2000	1200
SAV_RS07750	1	2000	1140
SAV_RS07755	1	2000	315
SAV_RS07760	1	2000	678
SAV_RS07765	1	2000	585
SAV_RS07770	1	2000	573
SAV_RS07780	1	2000	1242
SAV_RS07785	1	2000	1296
SAV_RS07790	1	2000	1062
SAV_RS07795	1	2000	1164
SAV_RS07800	1	2000	198
SAV_RS07805	1	2000	447
SAV_RS07810	1	2000	957
SAV_RS07815	1	2000	723
SAV_RS07820	1	2000	570
SAV_RS07825	1	2000	270
SAV_RS07830	1	2000	996
SAV_RS07835	1	2000	1308
SAV_RS07840	1	2000	1173
SAV_RS07845	1	2000	189
SAV_RS07850	1	2000	111
SAV_RS07855	1	2000	657
SAV_RS07860	1	2000	966
SAV_RS07865	1	2000	984
SAV_RS07870	1	2000	114
SAV_RS07875	1	2000	1458
SAV_RS07880	1	2000	1377
SAV_RS07885	1	2000	951
SAV_RS07890	1	2000	246
SAV_RS07895	1	2000	543
SAV_RS07900	1	2000	954
SAV_RS07905	1	2000	894
SAV_RS07910	1	2000	903
SAV_RS07915	1	2000	2160
SAV_RS07920	1	2000	924
SAV_RS07930	1	2000	1749
SAV_RS07935	1	2000	723
SAV_RS07940	1	2000	735
SAV_RS07945	1	2000	540
SAV_RS07950	1	2000	729
SAV_RS15645	1	2000	504
SAV_RS07965	1	2000	885
SAV_RS07970	1	2000	447
SAV_RS07975	1	2000	540
SAV_RS07980	1	2000	906
SAV_RS07985	1	2000	246
SAV_RS07990	1	2000	753
SAV_RS07995	1	2000	813
SAV_RS08000	1	2000	918
SAV_RS08005	1	2000	1482
SAV_RS08010	1	2000	864
SAV_RS15900	1	2000	1647
SAV_RS08025	1	2000	1017
SAV_RS08030	1	2000	252
SAV_RS08035	1	2000	369
SAV_RS08040	1	2000	1215
SAV_RS08045	1	2000	1404
SAV_RS08050	1	2000	1131
SAV_RS08055	1	2000	177
SAV_RS08060	1	2000	978
SAV_RS08065	1	2000	435
SAV_RS08070	1	2000	1272
SAV_RS08075	1	2000	981
SAV_RS08080	1	2000	990
SAV_RS08085	1	2000	1419
SAV_RS08090	1	2000	1677
SAV_RS08095	1	2000	450
SAV_RS08100	1	2000	879
SAV_RS08105	1	2000	228
SAV_RS08110	1	2000	1335
SAV_RS08115	1	2000	387
SAV_RS08120	1	2000	360
SAV_RS08125	1	2000	1353
SAV_RS08130	1	2000	462
SAV_RS08135	1	2000	555
SAV_RS08140	1	2000	1059
SAV_RS08145	1	2000	579
SAV_RS08150	1	2000	216
SAV_RS08155	1	2000	828
SAV_RS08160	1	2000	384
SAV_RS08165	1	2000	1470
SAV_RS08170	1	2000	1344
SAV_RS08175	1	2000	1089
SAV_RS08180	1	2000	522
SAV_RS08185	1	2000	144
SAV_RS08190	1	2000	495
SAV_RS08195	1	2000	297
SAV_RS08200	1	2000	444
SAV_RS08205	1	2000	309
SAV_RS08210	1	2000	1068
SAV_RS08215	1	2000	972
SAV_RS08220	1	2000	621
SAV_RS08225	1	2000	327
SAV_RS08230	1	2000	984
SAV_RS08235	1	2000	201
SAV_RS08240	1	2000	1461
SAV_RS08245	1	2000	537
SAV_RS08250	1	2000	147
SAV_RS08255	1	2000	2073
SAV_RS08260	1	2000	597
SAV_RS08265	1	2000	408
SAV_RS08270	1	2000	861
SAV_RS08275	1	2000	783
SAV_RS08280	1	2000	888
SAV_RS08285	1	2000	1344
SAV_RS08290	1	2000	1098
SAV_RS08295	1	2000	675
SAV_RS08300	1	2000	1104
SAV_RS08305	1	2000	1815
SAV_RS08310	1	2000	816
SAV_RS08315	1	2000	621
SAV_RS08320	1	2000	1389
SAV_RS08325	1	2000	744
SAV_RS08330	1	2000	897
SAV_RS08335	1	2000	402
SAV_RS08340	1	2000	342
SAV_RS08345	1	2000	465
SAV_RS08350	1	2000	945
SAV_RS08355	1	2000	696
SAV_RS08360	1	2000	987
SAV_RS08365	1	2000	681
SAV_RS08370	1	2000	174
SAV_RS08375	1	2000	1344
SAV_RS08380	1	2000	750
SAV_RS08385	1	2000	936
SAV_RS08390	1	2000	1137
SAV_RS08395	4	23	1830
SAV_RS08400	4	23	624
SAV_RS08405	1	2000	975
SAV_RS08410	1	2000	1122
SAV_RS08415	1	2000	1821
SAV_RS08420	1	2000	249
SAV_RS08425	1	2000	972
SAV_RS08430	1	2000	2199
SAV_RS08435	1	2000	459
SAV_RS08440	1	2000	684
SAV_RS08445	1	2000	714
SAV_RS08450	1	2000	351
SAV_RS08455	1	2000	582
SAV_RS08460	1	2000	567
SAV_RS08465	1	2000	288
SAV_RS08470	1	2000	804
SAV_RS08475	1	2000	1098
SAV_RS08480	1	2000	525
SAV_RS08485	1	2000	684
SAV_RS08490	1	2000	267
SAV_RS08495	1	2000	1218
SAV_RS08500	1	2000	1227
SAV_RS08505	1	2000	750
SAV_RS08510	1	2000	1359
SAV_RS08515	1	2000	447
SAV_RS08525	1	2000	1008
SAV_RS08530	1	2000	732
SAV_RS08535	1	2000	474
SAV_RS08540	1	2000	621
SAV_RS08545	1	2000	1266
SAV_RS08550	1	2000	921
SAV_RS08555	1	2000	636
SAV_RS08560	1	2000	306
SAV_RS08565	1	2000	426
SAV_RS08570	1	2000	258
SAV_RS08575	1	2000	2628
SAV_RS08580	1	2000	2475
SAV_RS08585	1	2000	666
SAV_RS08590	1	2000	1116
SAV_RS08595	1	2000	1140
SAV_RS08605	1	2000	1017
SAV_RS15650	1	2000	144
SAV_RS08620	1	2000	180
SAV_RS08625	1	2000	420
SAV_RS08630	1	2000	1272
SAV_RS08635	1	2000	771
SAV_RS08640	1	2000	126
SAV_RS08645	1	2000	1764
SAV_RS08650	1	2000	1260
SAV_RS08655	1	2000	873
SAV_RS08660	1	2000	450
SAV_RS08665	1	2000	2187
SAV_RS08670	1	2000	516
SAV_RS08675	1	2000	2271
SAV_RS08680	1	2000	2277
SAV_RS08685	1	2000	258
SAV_RS08690	1	2000	1137
SAV_RS08695	1	2000	1023
SAV_RS08700	1	2000	1002
SAV_RS08705	1	2000	600
SAV_RS08710	1	2000	453
SAV_RS08715	1	2000	1290
SAV_RS08720	1	2000	282
SAV_RS08725	1	2000	318
SAV_RS08730	1	2000	306
SAV_RS08735	1	2000	528
SAV_RS08740	1	2000	840
SAV_RS08745	1	2000	117
SAV_RS08750	1	2000	471
SAV_RS08755	1	2000	195
SAV_RS08760	1	2000	282
SAV_RS08765	1	2000	150
SAV_RS08770	1	2000	660
SAV_RS08775	1	2000	57
SAV_RS08780	1	2000	729
SAV_RS08785	1	2000	780
SAV_RS08790	1	2000	375
SAV_RS08795	1	2000	1890
SAV_RS08800	1	2000	1083
SAV_RS08805	1	2000	537
SAV_RS08810	1	2000	705
SAV_RS08815	1	2000	1269
SAV_RS08820	1	2000	2628
SAV_RS08825	1	2000	558
SAV_RS08830	1	2000	1071
SAV_RS08835	1	2000	99
SAV_RS08840	1	2000	1284
SAV_RS08845	1	2000	972
SAV_RS08850	1	2000	666
SAV_RS08855	1	2000	924
SAV_RS08860	1	2000	813
SAV_RS15245	1	2000	1344
SAV_RS08865	1	2000	588
SAV_RS15250	1	2000	1260
SAV_RS08870	1	2000	1299
SAV_RS16045	1	2000	108
SAV_RS08875	1	2000	927
SAV_RS08880	1	2000	606
SAV_RS08885	1	2000	354
SAV_RS08890	1	2000	198
SAV_RS08895	1	2000	525
SAV_RS08900	1	2000	1491
SAV_RS08905	1	2000	1935
SAV_RS08915	1	2000	120
SAV_RS08920	1	2000	918
SAV_RS08925	1	2000	1398
SAV_RS08930	1	2000	468
SAV_RS08935	1	2000	1023
SAV_RS08940	1	2000	621
SAV_RS08945	1	2000	870
SAV_RS08950	1	2000	2628
SAV_RS08955	1	2000	1485
SAV_RS08960	1	2000	1659
SAV_RS08965	1	2000	702
SAV_RS08970	1	2000	1266
SAV_RS08975	1	2000	1119
SAV_RS08980	1	2000	1359
SAV_RS08985	4	23	1755
SAV_RS08990	4	23	966
SAV_RS08995	1	2000	1317
SAV_RS09005	1	2000	942
SAV_RS09010	1	2000	855
SAV_RS09015	1	2000	1227
SAV_RS09020	1	2000	3195
SAV_RS09025	1	2000	939
SAV_RS09030	1	2000	1296
SAV_RS09035	1	2000	411
SAV_RS09040	1	2000	687
SAV_RS09045	1	2000	1053
SAV_RS09050	1	2000	96
SAV_RS09055	1	2000	1116
SAV_RS09060	1	2000	498
SAV_RS09065	1	2000	1200
SAV_RS09070	1	2000	945
SAV_RS09075	1	2000	492
SAV_RS09080	1	2000	768
SAV_RS09090	1	2000	1221
SAV_RS09095	1	2000	1146
SAV_RS09100	1	2000	1692
SAV_RS09105	1	2000	462
SAV_RS09110	3	28	600
SAV_RS09115	1	2000	1317
SAV_RS09120	1	2000	741
SAV_RS09125	1	2000	444
SAV_RS09130	1	2000	1155
SAV_RS09135	1	2000	1602
SAV_RS09140	1	2000	93
SAV_RS09145	1	2000	1128
SAV_RS09150	1	2000	1464
SAV_RS09155	1	2000	615
SAV_RS09160	1	2000	1272
SAV_RS09165	1	2000	1260
SAV_RS09170	1	2000	903
SAV_RS09175	1	2000	90
SAV_RS09180	1	2000	2673
SAV_RS09185	1	2000	87
SAV_RS09190	1	2000	1665
SAV_RS09195	1	2000	1704
SAV_RS09200	1	2000	630
SAV_RS09205	1	2000	1167
SAV_RS09210	1	2000	987
SAV_RS09215	1	2000	111
SAV_RS09220	1	2000	1089
SAV_RS09225	1	2000	81
SAV_RS09230	1	2000	1356
SAV_RS09240	1	2000	489
SAV_RS09245	1	2000	1311
SAV_RS09250	1	2000	3822
SAV_RS09255	1	2000	594
SAV_RS09260	1	2000	855
SAV_RS09265	1	2000	309
SAV_RS09270	1	2000	1074
SAV_RS09275	1	2000	309
SAV_RS09280	1	2000	840
SAV_RS09285	1	2000	642
SAV_RS09290	1	2000	789
SAV_RS09295	1	2000	846
SAV_RS09300	1	2000	1407
SAV_RS09305	1	2000	420
SAV_RS09310	1	2000	693
SAV_RS09315	1	2000	1659
SAV_RS09320	1	2000	309
SAV_RS09325	1	2000	2415
SAV_RS09330	1	2000	1179
SAV_RS09335	1	2000	951
SAV_RS09340	1	2000	561
SAV_RS09345	1	2000	399
SAV_RS09350	1	2000	825
SAV_RS09355	1	2000	117
SAV_RS09360	1	2000	999
SAV_RS09365	1	2000	462
SAV_RS09370	1	2000	1179
SAV_RS09375	1	2000	630
SAV_RS09380	1	2000	1041
SAV_RS09385	1	2000	1500
SAV_RS09390	1	2000	312
SAV_RS09395	1	2000	1290
SAV_RS09400	1	2000	852
SAV_RS09405	1	2000	222
SAV_RS09410	1	2000	468
SAV_RS09415	1	2000	441
SAV_RS09420	1	2000	441
SAV_RS09425	1	2000	633
SAV_RS09430	1	2000	711
SAV_RS09435	1	2000	300
SAV_RS09445	1	2000	363
SAV_RS09450	1	2000	351
SAV_RS09455	1	2000	831
SAV_RS09460	1	2000	906
SAV_RS09465	1	2000	1194
SAV_RS09470	1	2000	1590
SAV_RS09475	1	2000	744
SAV_RS09480	1	2000	471
SAV_RS09485	1	2000	255
SAV_RS09490	1	2000	999
SAV_RS09495	1	2000	1476
SAV_RS09500	1	2000	453
SAV_RS09505	1	2000	648
SAV_RS09510	1	2000	993
SAV_RS09515	1	2000	624
SAV_RS09520	1	2000	339
SAV_RS09525	1	2000	570
SAV_RS09530	1	2000	93
SAV_RS09535	1	2000	99
SAV_RS09540	1	2000	159
SAV_RS09545	1	2000	408
SAV_RS09550	1	2000	87
SAV_RS09555	1	2000	1227
SAV_RS09560	1	2000	1554
SAV_RS09565	1	2000	132
SAV_RS09570	1	2000	717
SAV_RS09575	1	2000	717
SAV_RS15270	1	2000	717
SAV_RS09600	1	2000	720
SAV_RS09605	1	2000	705
SAV_RS09610	1	2000	579
SAV_RS09615	1	2000	276
SAV_RS09620	1	2000	471
SAV_RS09625	1	2000	789
SAV_RS09630	1	2000	981
SAV_RS09635	1	2000	933
SAV_RS09640	1	2000	429
SAV_RS09645	1	2000	786
SAV_RS09650	1	2000	492
SAV_RS09655	1	2000	264
SAV_RS09660	1	2000	774
SAV_RS09665	1	2000	774
SAV_RS09670	1	2000	753
SAV_RS15275	1	2000	726
SAV_RS15670	1	2000	717
SAV_RS09690	1	2000	780
SAV_RS15675	1	2000	552
SAV_RS09695	1	2000	1398
SAV_RS16005	1	2000	921
SAV_RS09700	1	2000	1035
SAV_RS09705	1	2000	108
SAV_RS09710	1	2000	501
SAV_RS09715	1	2000	1221
SAV_RS09720	1	2000	738
SAV_RS09725	1	2000	420
SAV_RS09730	1	2000	363
SAV_RS09735	1	2000	555
SAV_RS09745	1	2000	960
SAV_RS09750	1	2000	939
SAV_RS09755	1	2000	2934
SAV_RS09760	1	2000	1194
SAV_RS09765	1	2000	96
SAV_RS09770	1	2000	342
SAV_RS15760	1	2000	1122
SAV_RS09775	1	2000	462
SAV_RS09780	1	2000	621
SAV_RS09785	1	2000	1110
SAV_RS09790	1	2000	819
SAV_RS09795	1	2000	1383
SAV_RS09800	1	2000	393
SAV_RS15685	1	2000	150
SAV_RS09815	1	2000	597
SAV_RS09820	1	2000	468
SAV_RS09825	1	2000	1125
SAV_RS09870	1	2000	720
SAV_RS09880	1	2000	1455
SAV_RS09885	1	2000	1059
SAV_RS09890	1	2000	1317
SAV_RS09895	1	2000	444
SAV_RS09900	1	2000	948
SAV_RS09905	1	2000	453
SAV_RS09910	1	2000	1287
SAV_RS09915	1	2000	1092
SAV_RS09920	1	2000	1734
SAV_RS09925	1	2000	540
SAV_RS09930	1	2000	1035
SAV_RS09935	1	2000	975
SAV_RS09940	1	2000	834
SAV_RS09945	1	2000	1515
SAV_RS09950	1	2000	312
SAV_RS09955	1	2000	816
SAV_RS09960	1	2000	807
SAV_RS09965	1	2000	513
SAV_RS09970	1	2000	159
SAV_RS09975	1	2000	1149
SAV_RS09980	1	2000	528
SAV_RS09985	1	2000	1254
SAV_RS09990	1	2000	198
SAV_RS09995	1	2000	462
SAV_RS10000	1	2000	273
SAV_RS10005	1	2000	1215
SAV_RS10010	1	2000	627
SAV_RS10015	1	2000	1041
SAV_RS10020	1	2000	699
SAV_RS10025	1	2000	384
SAV_RS10030	1	2000	756
SAV_RS10185	1	2000	984
SAV_RS10190	1	2000	411
SAV_RS10195	1	2000	108
SAV_RS10200	1	2000	729
SAV_RS10205	1	2000	1311
SAV_RS10210	1	2000	498
SAV_RS10215	1	2000	90
SAV_RS10220	1	2000	552
SAV_RS10225	1	2000	1068
SAV_RS10230	1	2000	528
SAV_RS10240	1	2000	1359
SAV_RS10245	1	2000	945
SAV_RS10250	1	2000	144
SAV_RS10255	1	2000	1425
SAV_RS10260	1	2000	1455
SAV_RS10265	1	2000	300
SAV_RS10270	1	2000	1536
SAV_RS10275	1	2000	1197
SAV_RS10280	1	2000	2001
SAV_RS10285	1	2000	2190
SAV_RS10290	1	2000	690
SAV_RS10295	1	2000	300
SAV_RS10300	1	2000	1293
SAV_RS10305	1	2000	1164
SAV_RS10310	1	2000	324
SAV_RS10315	1	2000	171
SAV_RS10320	1	2000	600
SAV_RS10325	1	2000	819
SAV_RS10330	1	2000	1467
SAV_RS10340	1	2000	1074
SAV_RS10345	1	2000	792
SAV_RS10350	1	2000	105
SAV_RS10355	1	2000	1560
SAV_RS10360	1	2000	1095
SAV_RS10365	1	2000	558
SAV_RS10370	1	2000	927
SAV_RS10375	1	2000	171
SAV_RS10380	1	2000	1377
SAV_RS10385	1	2000	1026
SAV_RS10390	1	2000	399
SAV_RS10395	1	2000	171
SAV_RS10400	1	2000	1038
SAV_RS10405	1	2000	840
SAV_RS10410	1	2000	555
SAV_RS10415	1	2000	522
SAV_RS10420	1	2000	561
SAV_RS10425	1	2000	738
SAV_RS10430	1	2000	870
SAV_RS10435	1	2000	678
SAV_RS10440	1	2000	894
SAV_RS10445	1	2000	378
SAV_RS10450	1	2000	174
SAV_RS10455	1	2000	96
SAV_RS10460	1	2000	1284
SAV_RS10465	1	2000	288
SAV_RS10470	1	2000	1428
SAV_RS10475	1	2000	222
SAV_RS10480	1	2000	177
SAV_RS10485	1	2000	306
SAV_RS10490	1	2000	258
SAV_RS10495	1	2000	348
SAV_RS10500	1	2000	336
SAV_RS10505	1	2000	489
SAV_RS10510	1	2000	729
SAV_RS10515	1	2000	252
SAV_RS10520	1	2000	105
SAV_RS10525	1	2000	132
SAV_RS10530	1	2000	771
SAV_RS10535	1	2000	372
SAV_RS15305	1	2000	285
SAV_RS10540	1	2000	150
SAV_RS10545	1	2000	3780
SAV_RS10550	1	2000	1482
SAV_RS10555	10	128	4527
SAV_RS10560	10	128	135
SAV_RS10565	10	128	348
SAV_RS10570	10	128	222
SAV_RS10575	10	128	642
SAV_RS10580	10	128	405
SAV_RS10585	10	128	402
SAV_RS10590	10	128	360
SAV_RS10595	10	128	282
SAV_RS10600	10	128	282
SAV_RS10605	10	128	1143
SAV_RS10610	10	128	735
SAV_RS10615	10	128	1185
SAV_RS16050	10	128	1659
SAV_RS10625	10	128	342
SAV_RS16010	10	128	297
SAV_RS10635	10	128	414
SAV_RS10640	10	128	198
SAV_RS10645	10	128	204
SAV_RS10650	10	128	171
SAV_RS10655	10	128	531
SAV_RS10660	10	128	240
SAV_RS10665	10	128	234
SAV_RS15330	10	128	330
SAV_RS10675	10	128	240
SAV_RS10680	10	128	366
SAV_RS10685	10	128	402
SAV_RS10690	10	128	216
SAV_RS10695	10	128	891
SAV_RS10700	10	128	468
SAV_RS10705	10	128	615
SAV_RS15765	10	128	918
SAV_RS10715	10	128	1941
SAV_RS15335	10	128	261
SAV_RS10720	10	128	258
SAV_RS10725	10	128	300
SAV_RS10730	10	128	159
SAV_RS10735	10	128	318
SAV_RS10740	10	128	630
SAV_RS10745	10	128	138
SAV_RS10750	10	128	195
SAV_RS10755	10	128	753
SAV_RS10760	10	128	537
SAV_RS10765	10	128	258
SAV_RS10770	10	128	240
SAV_RS10775	10	128	714
SAV_RS10780	10	128	855
SAV_RS10785	10	128	180
SAV_RS10790	10	128	462
SAV_RS10795	10	128	1035
SAV_RS10800	10	128	822
SAV_RS10805	10	128	1014
SAV_RS10810	10	128	1053
SAV_RS10815	10	128	1200
SAV_RS10820	10	128	1305
SAV_RS10825	10	128	720
SAV_RS10830	10	128	798
SAV_RS10835	10	128	558
SAV_RS10840	10	128	702
SAV_RS10845	10	128	567
SAV_RS10850	10	128	525
SAV_RS10855	10	128	216
SAV_RS10860	10	128	576
SAV_RS10865	10	128	339
SAV_RS15340	10	128	639
SAV_RS10870	10	128	378
SAV_RS10875	10	128	1707
SAV_RS10880	10	128	867
SAV_RS10885	10	128	324
SAV_RS10890	10	128	207
SAV_RS10895	10	128	144
SAV_RS10900	10	128	315
SAV_RS10905	10	128	216
SAV_RS10910	10	128	672
SAV_RS10915	10	128	1170
SAV_RS10920	1	2000	1614
SAV_RS10925	1	2000	282
SAV_RS10930	1	2000	741
SAV_RS10935	1	2000	1245
SAV_RS10940	1	2000	624
SAV_RS10945	1	2000	783
SAV_RS10950	1	2000	78
SAV_RS10955	1	2000	561
SAV_RS10960	1	2000	141
SAV_RS10965	1	2000	1281
SAV_RS10970	1	2000	714
SAV_RS10975	1	2000	957
SAV_RS10980	1	2000	1482
SAV_RS10985	1	2000	948
SAV_RS10990	1	2000	1248
SAV_RS10995	1	2000	222
SAV_RS15920	1	2000	1077
SAV_RS11005	1	2000	633
SAV_RS11010	1	2000	1926
SAV_RS11015	1	2000	126
SAV_RS11020	1	2000	1608
SAV_RS11025	1	2000	1023
SAV_RS11030	1	2000	462
SAV_RS11035	1	2000	660
SAV_RS11040	1	2000	459
SAV_RS11045	1	2000	153
SAV_RS11050	1	2000	1686
SAV_RS11055	1	2000	1767
SAV_RS11060	1	2000	252
SAV_RS11065	1	2000	1002
SAV_RS11070	1	2000	1527
SAV_RS11075	1	2000	1044
SAV_RS11080	1	2000	1368
SAV_RS11085	1	2000	570
SAV_RS11090	1	2000	1266
SAV_RS11095	1	2000	453
SAV_RS11100	1	2000	2148
SAV_RS11105	1	2000	768
SAV_RS16055	1	2000	477
SAV_RS11115	1	2000	324
SAV_RS11120	1	2000	999
SAV_RS11125	1	2000	360
SAV_RS11130	1	2000	168
SAV_RS11135	1	2000	1146
SAV_RS11140	1	2000	357
SAV_RS11145	1	2000	489
SAV_RS11150	1	2000	1581
SAV_RS11155	1	2000	477
SAV_RS11160	1	2000	558
SAV_RS11165	1	2000	2025
SAV_RS11170	1	2000	1674
SAV_RS11175	1	2000	108
SAV_RS11180	1	2000	2655
SAV_RS11185	1	2000	693
SAV_RS11190	1	2000	1317
SAV_RS11195	1	2000	1518
SAV_RS11200	1	2000	1356
SAV_RS11205	1	2000	1068
SAV_RS11210	1	2000	1200
SAV_RS11215	1	2000	135
SAV_RS11220	1	2000	207
SAV_RS11225	1	2000	291
SAV_RS11230	1	2000	1482
SAV_RS11235	1	2000	645
SAV_RS11240	1	2000	870
SAV_RS11245	1	2000	639
SAV_RS11250	1	2000	789
SAV_RS11255	1	2000	828
SAV_RS11285	1	2000	687
SAV_RS11290	1	2000	693
SAV_RS11295	1	2000	393
SAV_RS11300	1	2000	438
SAV_RS11305	1	2000	438
SAV_RS11310	1	2000	1263
SAV_RS11320	1	2000	231
SAV_RS11325	1	2000	90
SAV_RS11330	1	2000	402
SAV_RS11335	1	2000	1410
SAV_RS11340	1	2000	864
SAV_RS11345	1	2000	1506
SAV_RS11350	1	2000	537
SAV_RS11355	1	2000	519
SAV_RS11360	1	2000	210
SAV_RS11365	1	2000	726
SAV_RS11370	1	2000	450
SAV_RS11375	1	2000	1125
SAV_RS11380	1	2000	627
SAV_RS11385	1	2000	1236
SAV_RS11390	1	2000	522
SAV_RS11395	1	2000	417
SAV_RS11400	1	2000	1044
SAV_RS11405	1	2000	834
SAV_RS11410	1	2000	1074
SAV_RS11415	1	2000	597
SAV_RS11420	1	2000	252
SAV_RS11425	1	2000	1314
SAV_RS11430	1	2000	1425
SAV_RS11440	1	2000	333
SAV_RS11445	1	2000	1257
SAV_RS11450	1	2000	858
SAV_RS11455	1	2000	519
SAV_RS11460	1	2000	1608
SAV_RS11470	1	2000	528
SAV_RS11475	1	2000	858
SAV_RS11480	1	2000	801
SAV_RS11485	1	2000	669
SAV_RS11490	1	2000	1191
SAV_RS11495	1	2000	1182
SAV_RS11500	1	2000	468
SAV_RS11505	1	2000	348
SAV_RS11510	1	2000	1299
SAV_RS11515	1	2000	660
SAV_RS11520	1	2000	708
SAV_RS11525	1	2000	441
SAV_RS11530	1	2000	411
SAV_RS11535	1	2000	1371
SAV_RS11540	1	2000	228
SAV_RS11545	1	2000	936
SAV_RS11550	1	2000	663
SAV_RS11555	1	2000	318
SAV_RS11560	1	2000	975
SAV_RS11565	1	2000	1089
SAV_RS11570	1	2000	102
SAV_RS11575	1	2000	96
SAV_RS11580	1	2000	156
SAV_RS11585	1	2000	855
SAV_RS11590	1	2000	780
SAV_RS11595	4	23	1803
SAV_RS11600	4	23	1536
SAV_RS11605	1	2000	2130
SAV_RS11610	1	2000	432
SAV_RS11615	1	2000	1104
SAV_RS11620	7	280	7443
SAV_RS11625	7	280	1353
SAV_RS11630	7	280	930
SAV_RS11635	7	280	807
SAV_RS11640	7	280	906
SAV_RS11645	7	280	1062
SAV_RS11650	7	280	1440
SAV_RS11655	7	280	471
SAV_RS11660	7	280	681
SAV_RS11665	7	280	1185
SAV_RS11670	7	280	513
SAV_RS11675	7	280	258
SAV_RS11685	7	280	1368
SAV_RS11690	7	280	966
SAV_RS11695	7	280	1029
SAV_RS11700	7	280	981
SAV_RS11705	7	280	123
SAV_RS11710	7	280	1068
SAV_RS11715	7	280	1755
SAV_RS11720	7	280	1191
SAV_RS11725	7	280	1974
SAV_RS11730	7	280	507
SAV_RS11735	7	280	237
SAV_RS11740	7	280	534
SAV_RS16015	7	280	1560
SAV_RS15380	7	280	1005
SAV_RS11745	7	280	999
SAV_RS11750	7	280	867
SAV_RS11755	7	280	1410
SAV_RS11760	7	280	1710
SAV_RS11765	7	280	309
SAV_RS11770	7	280	978
SAV_RS11775	7	280	930
SAV_RS11780	7	280	513
SAV_RS11785	7	280	426
SAV_RS11790	7	280	753
SAV_RS11795	7	280	738
SAV_RS11800	7	280	159
SAV_RS11850	7	280	201
SAV_RS11855	7	280	846
SAV_RS11860	7	280	414
SAV_RS11865	7	280	165
SAV_RS11870	7	280	2427
SAV_RS11875	7	280	852
SAV_RS11880	7	280	813
SAV_RS11885	7	280	423
SAV_RS11890	7	280	702
SAV_RS11895	7	280	1662
SAV_RS11900	7	280	180
SAV_RS11905	7	280	1014
SAV_RS11910	7	280	627
SAV_RS11915	7	280	645
SAV_RS11920	7	280	246
SAV_RS11925	7	280	93
SAV_RS11930	7	280	945
SAV_RS11935	7	280	60
SAV_RS11940	7	280	390
SAV_RS11945	7	280	435
SAV_RS11950	7	280	801
SAV_RS11955	7	280	804
SAV_RS11960	7	280	858
SAV_RS11965	7	280	807
SAV_RS11970	7	280	366
SAV_RS11975	7	280	942
SAV_RS11980	7	280	387
SAV_RS11985	7	280	363
SAV_RS11990	7	280	111
SAV_RS11995	7	280	216
SAV_RS15770	7	280	645
SAV_RS15775	7	280	1290
SAV_RS12010	7	280	438
SAV_RS12015	7	280	177
SAV_RS12020	7	280	498
SAV_RS12025	7	280	357
SAV_RS12030	7	280	534
SAV_RS12035	7	280	396
SAV_RS12040	7	280	183
SAV_RS12045	7	280	537
SAV_RS12050	7	280	315
SAV_RS12055	7	280	366
SAV_RS12060	7	280	261
SAV_RS12065	7	280	207
SAV_RS12070	7	280	432
SAV_RS15940	13	10	651
SAV_RS12075	13	10	351
SAV_RS12080	13	10	276
SAV_RS12085	13	10	831
SAV_RS12090	13	10	273
SAV_RS15980	13	10	621
SAV_RS15985	13	10	660
SAV_RS16060	13	10	306
SAV_RS12105	13	10	387
SAV_RS16065	13	10	1332
SAV_RS12110	1	2000	2133
SAV_RS12115	1	2000	81
SAV_RS12120	1	2000	885
SAV_RS12125	1	2000	861
SAV_RS12130	1	2000	129
SAV_RS12135	1	2000	906
SAV_RS12140	1	2000	162
SAV_RS12145	1	2000	315
SAV_RS12150	1	2000	3165
SAV_RS12155	1	2000	1263
SAV_RS12160	1	2000	249
SAV_RS12165	1	2000	762
SAV_RS12170	1	2000	438
SAV_RS12175	1	2000	1209
SAV_RS12180	1	2000	348
SAV_RS12185	1	2000	183
SAV_RS12190	1	2000	1020
SAV_RS12195	1	2000	597
SAV_RS12200	1	2000	231
SAV_RS12205	1	2000	444
SAV_RS12210	1	2000	483
SAV_RS12215	1	2000	1257
SAV_RS12220	1	2000	492
SAV_RS12225	1	2000	504
SAV_RS12230	1	2000	1002
SAV_RS12235	1	2000	603
SAV_RS12240	1	2000	669
SAV_RS12245	1	2000	780
SAV_RS12250	1	2000	795
SAV_RS12255	1	2000	768
SAV_RS12260	1	2000	552
SAV_RS12265	1	2000	939
SAV_RS12270	1	2000	906
SAV_RS12275	1	2000	1152
SAV_RS12280	1	2000	903
SAV_RS12285	1	2000	300
SAV_RS12290	1	2000	408
SAV_RS12295	1	2000	1713
SAV_RS12300	1	2000	450
SAV_RS12305	1	2000	687
SAV_RS12310	1	2000	612
SAV_RS12315	1	2000	834
SAV_RS12320	1	2000	345
SAV_RS12325	1	2000	324
SAV_RS12330	1	2000	741
SAV_RS12335	1	2000	1953
SAV_RS12340	1	2000	801
SAV_RS12345	1	2000	240
SAV_RS12350	1	2000	1398
SAV_RS12355	1	2000	1080
SAV_RS12360	1	2000	420
SAV_RS12365	1	2000	498
SAV_RS12370	1	2000	951
SAV_RS12380	1	2000	1122
SAV_RS12385	1	2000	774
SAV_RS12390	1	2000	231
SAV_RS12395	1	2000	471
SAV_RS12400	1	2000	2952
SAV_RS12405	1	2000	945
SAV_RS12410	1	2000	795
SAV_RS12415	1	2000	690
SAV_RS12420	1	2000	735
SAV_RS12425	1	2000	327
SAV_RS12430	1	2000	870
SAV_RS12435	1	2000	1377
SAV_RS12440	1	2000	354
SAV_RS12445	1	2000	183
SAV_RS12450	1	2000	189
SAV_RS12455	1	2000	633
SAV_RS12460	1	2000	915
SAV_RS12465	1	2000	528
SAV_RS12470	1	2000	1602
SAV_RS12475	1	2000	762
SAV_RS12480	1	2000	504
SAV_RS12485	1	2000	1311
SAV_RS12490	1	2000	567
SAV_RS12495	1	2000	879
SAV_RS12500	1	2000	1119
SAV_RS12505	1	2000	1236
SAV_RS12510	1	2000	1659
SAV_RS12520	1	2000	882
SAV_RS12525	1	2000	417
SAV_RS12530	1	2000	933
SAV_RS12535	1	2000	1257
SAV_RS12540	1	2000	684
SAV_RS12545	1	2000	651
SAV_RS12550	1	2000	1017
SAV_RS12555	1	2000	324
SAV_RS12560	1	2000	183
SAV_RS12570	1	2000	1230
SAV_RS12575	1	2000	897
SAV_RS12580	1	2000	618
SAV_RS12585	1	2000	606
SAV_RS12590	1	2000	1206
SAV_RS12595	1	2000	1047
SAV_RS12600	1	2000	945
SAV_RS12605	1	2000	489
SAV_RS12610	1	2000	417
SAV_RS12615	1	2000	918
SAV_RS12620	1	2000	636
SAV_RS12625	1	2000	1929
SAV_RS12630	1	2000	645
SAV_RS12635	1	2000	552
SAV_RS12640	1	2000	1206
SAV_RS12645	1	2000	126
SAV_RS12650	1	2000	1380
SAV_RS12655	1	2000	453
SAV_RS12660	1	2000	966
SAV_RS12665	1	2000	663
SAV_RS12670	1	2000	1053
SAV_RS12675	1	2000	672
SAV_RS12680	1	2000	1371
SAV_RS12685	1	2000	441
SAV_RS12690	1	2000	453
SAV_RS12695	1	2000	1476
SAV_RS12700	1	2000	1596
SAV_RS12705	1	2000	1671
SAV_RS12710	1	2000	612
SAV_RS12715	1	2000	513
SAV_RS12720	1	2000	1002
SAV_RS12725	1	2000	399
SAV_RS12730	1	2000	1032
SAV_RS12735	1	2000	114
SAV_RS12745	1	2000	429
SAV_RS12750	1	2000	1275
SAV_RS15425	1	2000	621
SAV_RS12755	1	2000	942
SAV_RS12760	1	2000	1440
SAV_RS12765	1	2000	336
SAV_RS12770	1	2000	1317
SAV_RS12775	1	2000	78
SAV_RS12780	1	2000	2103
SAV_RS12785	1	2000	420
SAV_RS12790	1	2000	354
SAV_RS12795	1	2000	1275
SAV_RS12800	1	2000	363
SAV_RS12805	1	2000	444
SAV_RS12810	1	2000	426
SAV_RS12815	1	2000	1167
SAV_RS12820	1	2000	912
SAV_RS12825	1	2000	738
SAV_RS12830	1	2000	651
SAV_RS12835	1	2000	1032
SAV_RS12845	1	2000	450
SAV_RS12850	1	2000	675
SAV_RS12855	1	2000	573
SAV_RS12860	1	2000	1557
SAV_RS12865	1	2000	3687
SAV_RS12870	1	2000	975
SAV_RS12875	1	2000	312
SAV_RS12880	1	2000	2403
SAV_RS12885	1	2000	729
SAV_RS12890	1	2000	534
SAV_RS12895	1	2000	822
SAV_RS12900	1	2000	180
SAV_RS12905	1	2000	465
SAV_RS12910	1	2000	1545
SAV_RS12915	1	2000	63
SAV_RS12920	1	2000	264
SAV_RS12925	1	2000	249
SAV_RS12930	1	2000	78
SAV_RS12940	1	2000	597
SAV_RS12945	1	2000	360
SAV_RS12950	1	2000	1248
SAV_RS12955	1	2000	729
SAV_RS12960	1	2000	717
SAV_RS12965	1	2000	777
SAV_RS15780	1	2000	1437
SAV_RS12970	1	2000	102
SAV_RS12975	1	2000	684
SAV_RS12980	1	2000	864
SAV_RS12985	1	2000	102
SAV_RS12990	1	2000	1278
SAV_RS12995	1	2000	927
SAV_RS13000	1	2000	945
SAV_RS13005	1	2000	975
SAV_RS13010	1	2000	465
SAV_RS13015	1	2000	690
SAV_RS13020	1	2000	1113
SAV_RS13025	1	2000	1005
SAV_RS13030	1	2000	1356
SAV_RS13035	1	2000	684
SAV_RS13040	1	2000	129
SAV_RS13045	1	2000	1731
SAV_RS13050	1	2000	1761
SAV_RS13055	1	2000	105
SAV_RS13060	1	2000	384
SAV_RS13065	1	2000	1140
SAV_RS13070	1	2000	657
SAV_RS13075	1	2000	1209
SAV_RS13080	1	2000	471
SAV_RS13085	1	2000	654
SAV_RS13090	1	2000	804
SAV_RS13095	1	2000	1407
SAV_RS15440	1	2000	2076
SAV_RS13100	1	2000	1827
SAV_RS13105	1	2000	1494
SAV_RS13110	1	2000	849
SAV_RS13115	1	2000	933
SAV_RS13120	1	2000	1398
SAV_RS13125	1	2000	693
SAV_RS13130	1	2000	939
SAV_RS13135	1	2000	633
SAV_RS13140	1	2000	1224
SAV_RS13145	1	2000	117
SAV_RS13155	1	2000	138
SAV_RS13160	1	2000	597
SAV_RS13165	1	2000	1635
SAV_RS13170	1	2000	1350
SAV_RS13175	1	2000	1185
SAV_RS13185	1	2000	774
SAV_RS13190	1	2000	660
SAV_RS13195	1	2000	1074
SAV_RS13200	1	2000	264
SAV_RS13205	1	2000	255
SAV_RS13210	1	2000	453
SAV_RS13215	1	2000	1575
SAV_RS13220	1	2000	747
SAV_RS13225	1	2000	1191
SAV_RS13230	1	2000	747
SAV_RS13240	1	2000	813
SAV_RS13245	1	2000	867
SAV_RS13255	1	2000	933
SAV_RS13260	1	2000	1596
SAV_RS13265	1	2000	1299
SAV_RS13270	1	2000	816
SAV_RS13275	1	2000	819
SAV_RS13280	1	2000	765
SAV_RS13285	1	2000	816
SAV_RS13290	1	2000	1536
SAV_RS13295	1	2000	420
SAV_RS13300	1	2000	417
SAV_RS13310	1	2000	408
SAV_RS13320	1	2000	420
SAV_RS13325	1	2000	693
SAV_RS13335	1	2000	279
SAV_RS13340	1	2000	183
SAV_RS13345	1	2000	189
SAV_RS13350	1	2000	792
SAV_RS13355	1	2000	105
SAV_RS13360	1	2000	285
SAV_RS13365	1	2000	324
SAV_RS13370	1	2000	1323
SAV_RS13375	1	2000	792
SAV_RS13380	1	2000	771
SAV_RS13385	1	2000	774
SAV_RS13390	14	2	2859
SAV_RS13395	14	2	390
SAV_RS13400	1	2000	1806
SAV_RS13405	1	2000	264
SAV_RS13410	1	2000	306
SAV_RS13415	1	2000	231
SAV_RS13425	1	2000	354
SAV_RS13430	1	2000	741
SAV_RS13435	1	2000	864
SAV_RS13440	1	2000	1317
SAV_RS13445	1	2000	2883
SAV_RS13450	1	2000	99
SAV_RS13455	1	2000	3114
SAV_RS13460	1	2000	1356
SAV_RS13465	1	2000	1551
SAV_RS13470	1	2000	678
SAV_RS13475	1	2000	762
SAV_RS13480	1	2000	690
SAV_RS13485	1	2000	414
SAV_RS13490	1	2000	1821
SAV_RS13495	1	2000	1275
SAV_RS13500	1	2000	609
SAV_RS13505	1	2000	693
SAV_RS13510	1	2000	768
SAV_RS13520	1	2000	1962
SAV_RS13525	1	2000	1077
SAV_RS13530	1	2000	591
SAV_RS13535	1	2000	957
SAV_RS13540	1	2000	432
SAV_RS13545	1	2000	282
SAV_RS15720	1	2000	804
SAV_RS13550	1	2000	669
SAV_RS13555	1	2000	990
SAV_RS13560	1	2000	798
SAV_RS13565	1	2000	633
SAV_RS13570	1	2000	729
SAV_RS13575	1	2000	618
SAV_RS13580	1	2000	489
SAV_RS13585	1	2000	168
SAV_RS13590	1	2000	96
SAV_RS13595	1	2000	897
SAV_RS13600	1	2000	678
SAV_RS13605	1	2000	1041
SAV_RS13610	1	2000	201
SAV_RS15470	1	2000	933
SAV_RS13625	1	2000	966
SAV_RS13630	1	2000	354
SAV_RS13635	1	2000	408
SAV_RS13640	1	2000	2064
SAV_RS13645	1	2000	1737
SAV_RS16070	1	2000	687
SAV_RS13650	1	2000	393
SAV_RS13655	1	2000	876
SAV_RS13665	1	2000	216
SAV_RS13670	1	2000	429
SAV_RS13675	1	2000	1275
SAV_RS13680	1	2000	1164
SAV_RS13685	1	2000	519
SAV_RS13690	1	2000	2103
SAV_RS13695	1	2000	168
SAV_RS13700	1	2000	1992
SAV_RS13705	1	2000	225
SAV_RS13710	1	2000	2487
SAV_RS13715	1	2000	546
SAV_RS13720	1	2000	165
SAV_RS13725	1	2000	1542
SAV_RS13735	1	2000	597
SAV_RS13740	1	2000	189
SAV_RS13745	1	2000	2406
SAV_RS13750	1	2000	204
SAV_RS13755	1	2000	996
SAV_RS13760	1	2000	1152
SAV_RS13765	1	2000	1506
SAV_RS13770	1	2000	861
SAV_RS13775	1	2000	1125
SAV_RS13780	1	2000	1491
SAV_RS13785	1	2000	486
SAV_RS13790	1	2000	765
SAV_RS13795	1	2000	1809
SAV_RS13800	1	2000	486
SAV_RS13805	3	28	699
SAV_RS13810	1	2000	1053
SAV_RS13815	1	2000	96
SAV_RS13820	1	2000	567
SAV_RS13825	1	2000	498
SAV_RS13830	1	2000	228
SAV_RS13835	1	2000	375
SAV_RS13840	1	2000	819
SAV_RS13845	1	2000	297
SAV_RS13850	1	2000	555
SAV_RS13855	1	2000	702
SAV_RS13860	1	2000	1008
SAV_RS13865	1	2000	828
SAV_RS13870	1	2000	888
SAV_RS13875	1	2000	1338
SAV_RS13880	1	2000	1104
SAV_RS13885	1	2000	294
SAV_RS13890	1	2000	366
SAV_RS13895	1	2000	276
SAV_RS13900	1	2000	864
SAV_RS13905	1	2000	1062
SAV_RS13910	1	2000	273
SAV_RS13915	1	2000	720
SAV_RS13920	1	2000	447
SAV_RS13925	1	2000	585
SAV_RS13930	1	2000	1680
SAV_RS13935	1	2000	633
SAV_RS13940	1	2000	1074
SAV_RS13945	1	2000	381
SAV_RS13950	1	2000	849
SAV_RS13955	1	2000	816
SAV_RS13960	1	2000	858
SAV_RS13965	1	2000	702
SAV_RS13970	1	2000	957
SAV_RS13975	1	2000	1446
SAV_RS13980	1	2000	1335
SAV_RS13985	1	2000	414
SAV_RS13990	1	2000	888
SAV_RS13995	1	2000	1494
SAV_RS14000	1	2000	327
SAV_RS14005	1	2000	1596
SAV_RS14010	1	2000	441
SAV_RS14015	1	2000	210
SAV_RS15490	1	2000	1707
SAV_RS14030	1	2000	1488
SAV_RS15495	1	2000	93
SAV_RS14040	1	2000	561
SAV_RS14045	1	2000	1620
SAV_RS14050	1	2000	159
SAV_RS14055	1	2000	108
SAV_RS14060	1	2000	534
SAV_RS14065	1	2000	1848
SAV_RS14070	1	2000	1368
SAV_RS14075	1	2000	93
SAV_RS14080	1	2000	603
SAV_RS14085	1	2000	1878
SAV_RS14090	1	2000	90
SAV_RS14095	1	2000	495
SAV_RS14100	1	2000	258
SAV_RS14105	1	2000	111
SAV_RS14110	1	2000	1998
SAV_RS14115	1	2000	753
SAV_RS14120	1	2000	885
SAV_RS14125	1	2000	663
SAV_RS14130	1	2000	198
SAV_RS14135	1	2000	1422
SAV_RS16075	1	2000	99
SAV_RS14145	1	2000	453
SAV_RS14150	1	2000	759
SAV_RS14155	1	2000	2631
SAV_RS14160	1	2000	702
SAV_RS14165	1	2000	939
SAV_RS14170	1	2000	1428
SAV_RS14175	1	2000	1008
SAV_RS14180	1	2000	1233
SAV_RS14185	1	2000	132
SAV_RS14195	1	2000	447
SAV_RS14200	1	2000	1527
SAV_RS14205	1	2000	525
SAV_RS14210	1	2000	456
SAV_RS14215	1	2000	1872
SAV_RS14220	1	2000	1950
SAV_RS14225	1	2000	936
SAV_RS14230	1	2000	2979
SAV_RS14235	1	2000	1857
SAV_RS14240	1	2000	558
SAV_RS14245	6	39	1905
SAV_RS14250	6	39	1356
SAV_RS14255	6	39	1506
SAV_RS14260	6	39	2388
SAV_RS14265	6	39	957
SAV_RS14270	6	39	1566
SAV_RS14275	6	39	1551
SAV_RS14280	6	39	1209
SAV_RS14285	15	59	6813
SAV_RS14290	15	59	690
SAV_RS14295	15	59	456
SAV_RS14300	15	59	300
SAV_RS14305	15	59	357
SAV_RS14310	15	59	609
SAV_RS14315	15	59	474
SAV_RS14320	15	59	498
SAV_RS14330	15	59	765
SAV_RS14335	15	59	690
SAV_RS14340	15	59	660
SAV_RS14345	15	59	558
SAV_RS14350	15	59	1236
SAV_RS14360	15	59	303
SAV_RS16080	15	59	870
SAV_RS14365	15	59	1050
SAV_RS14370	15	59	2040
SAV_RS14375	15	59	177
SAV_RS14380	15	59	702
SAV_RS14385	15	59	576
SAV_RS14390	15	59	576
SAV_RS14395	15	59	1011
SAV_RS14400	15	59	1248
SAV_RS14405	15	59	612
SAV_RS14410	15	59	816
SAV_RS14415	15	59	1122
SAV_RS14420	15	59	495
SAV_RS14425	15	59	831
SAV_RS14430	15	59	1710
SAV_RS14435	15	59	552
SAV_RS14440	15	59	846
SAV_RS14445	15	59	513
SAV_RS14450	15	59	969
SAV_RS14455	15	59	954
SAV_RS14460	15	59	636
SAV_RS14465	15	59	765
SAV_RS14470	15	59	336
SAV_RS14475	15	59	462
SAV_RS14480	15	59	906
SAV_RS14485	15	59	573
SAV_RS14490	15	59	1014
SAV_RS14495	15	59	792
SAV_RS14500	15	59	510
SAV_RS14505	15	59	756
SAV_RS14510	15	59	1878
SAV_RS14515	15	59	189
SAV_RS14520	15	59	198
SAV_RS14525	15	59	567
SAV_RS14530	15	59	393
SAV_RS14535	15	59	351
SAV_RS14540	15	59	837
SAV_RS14545	15	59	717
SAV_RS14550	15	59	1875
SAV_RS14555	15	59	1377
SAV_RS14560	15	59	351
SAV_RS14565	15	59	135
SAV_RS14570	15	59	933
SAV_RS14575	15	59	237
SAV_RS14580	15	59	267
SAV_RS15520	2	148	1920
SAV_RS15960	2	148	411
SAV_RS14600	2	148	231
SAV_RS14605	2	148	702
SAV_RS14610	2	148	696
SAV_RS14615	2	148	96
SAV_RS14620	2	148	909
SAV_RS14625	2	148	252
SAV_RS14630	2	148	672
SAV_RS14635	2	148	672
SAV_RS14640	2	148	777
SAV_RS14645	2	148	555
SAV_RS14650	2	148	414
SAV_RS14655	2	148	834
SAV_RS14660	2	148	201
SAV_RS14665	2	148	612
SAV_RS14670	2	148	672
SAV_RS14675	2	148	93
SAV_RS14680	2	148	372
SAV_RS14685	2	148	1437
SAV_RS14690	2	148	390
SAV_RS14695	2	148	372
SAV_RS14700	2	148	672
SAV_RS14705	2	148	324
SAV_RS14710	2	148	564
SAV_RS14715	2	148	1542
SAV_RS14720	2	148	558
SAV_RS14725	2	148	132
SAV_RS14730	2	148	759
